Participant_ID,Seq_part,Verb,Davies_Rank,Davies_Rating,CORPES_Rank,CORPES_Rating,WordList_Rank,WordList_Rating,Part_Rating,FofU_Comp,FofU_Prod,DELE,AoA_ENG
HSP01,1,atar,30,15876,30,9406,30,385409,2,10,13,45,0
HSP02,2,atar,30,15876,30,9406,30,385409,2,12,13,38,0
HSP03,3,atar,30,15876,30,9406,30,385409,2,21,22,40,3
HSP04,4,atar,30,15876,30,9406,30,385409,0,15,16,40,0
HSP05,5,atar,30,15876,30,9406,30,385409,1,15,12,40,0
HSP06,6,atar,30,15876,30,9406,30,385409,3,20,20,49,0
HSP07,7,atar,30,15876,30,9406,30,385409,0,11,12,39,7
HSP08,8,atar,30,15876,30,9406,30,385409,0,13,11,41,5
HSP09,9,atar,30,15876,30,9406,30,385409,0,12,11,30,0
HSP10,10,atar,30,15876,30,9406,30,385409,0,16,16,43,4
HSP11,11,atar,30,15876,30,9406,30,385409,4,13,13,34,3
HSP12,12,atar,30,15876,30,9406,30,385409,3,19,19,42,7
HSP13,13,atar,30,15876,30,9406,30,385409,0,19,19,42,0
HSP14,14,atar,30,15876,30,9406,30,385409,1,13,16,28,0
HSP15,15,atar,30,15876,30,9406,30,385409,0,11,11,37,0
HSP16,16,atar,30,15876,30,9406,30,385409,9,18,17,31,3
HSP17,17,atar,30,15876,30,9406,30,385409,1,15,15,45,4
HSP18,18,atar,30,15876,30,9406,30,385409,0,16,16,44,4
HSP19,19,atar,30,15876,30,9406,30,385409,2,16,20,30,0
HSP20,20,atar,30,15876,30,9406,30,385409,1,7,6,42,4
HSP21,21,atar,30,15876,30,9406,30,385409,1,12,15,42,0
HSP22,22,atar,30,15876,30,9406,30,385409,1,5,6,32,4
HSP23,23,atar,30,15876,30,9406,30,385409,1,19,20,42,4
HSP24,24,atar,30,15876,30,9406,30,385409,1,16,16,48,5
HSP25,25,atar,30,15876,30,9406,30,385409,1,15,15,42,3
HSP27,27,atar,30,15876,30,9406,30,385409,1,16,14,35,0
HSP28,28,atar,30,15876,30,9406,30,385409,0,8,9,39,3
HSP29,29,atar,30,15876,30,9406,30,385409,1,14,16,25,2
HSP30,30,atar,30,15876,30,9406,30,385409,0,14,16,25,2
HSP31,31,atar,30,15876,30,9406,30,385409,1,12,11,41,4
HSP32,32,atar,30,15876,30,9406,30,385409,,13,13,43,3
HSP33,33,atar,30,15876,30,9406,30,385409,0,15,15,43,0
HSP34,34,atar,30,15876,30,9406,30,385409,5,7,7,42,8
HSP35,35,atar,30,15876,30,9406,30,385409,1,17,17,37,0
HSP36,36,atar,30,15876,30,9406,30,385409,3,9,11,45,0
HSP41,41,atar,30,15876,30,9406,30,385409,0,6,7,39,0
HSP42,42,atar,30,15876,30,9406,30,385409,4,13,13,29,3
HSP45,45,atar,30,15876,30,9406,30,385409,0,14,14,44,4
HSP46,46,atar,30,15876,30,9406,30,385409,3,15,15,35,3
HSP47,47,atar,30,15876,30,9406,30,385409,6,14,11,34,0
HSP48,48,atar,30,15876,30,9406,30,385409,0,11,11,34,4
HSP49,49,atar,30,15876,30,9406,30,385409,3,19,18,49,4
HSP50,50,atar,30,15876,30,9406,30,385409,5,12,14,44,4
HSP51,51,atar,30,15876,30,9406,30,385409,0,13,13,38,0
HSP52,52,atar,30,15876,30,9406,30,385409,1,13,12,43,0
HSP53,53,atar,30,15876,30,9406,30,385409,2,21,21,43,5
HSP54,54,atar,30,15876,30,9406,30,385409,6,20,20,42,8
HSP55,55,atar,30,15876,30,9406,30,385409,1,21,22,43,4
HSP56,56,atar,30,15876,30,9406,30,385409,0,12,12,31,0
HSP57,57,atar,30,15876,30,9406,30,385409,0,12,15,38,5
HSP58,58,atar,30,15876,30,9406,30,385409,2,18,20,35,1
HSP59,59,atar,30,15876,30,9406,30,385409,6,16,18,48,0
HSP61,61,atar,30,15876,30,9406,30,385409,2,8,8,29,4
HSP01,1,doler,25,69627,28,15080,29,392568,6,10,13,45,0
HSP02,2,doler,25,69627,28,15080,29,392568,6,12,13,38,0
HSP03,3,doler,25,69627,28,15080,29,392568,6,21,22,40,3
HSP04,4,doler,25,69627,28,15080,29,392568,6,15,16,40,0
HSP05,5,doler,25,69627,28,15080,29,392568,1,15,12,40,0
HSP06,6,doler,25,69627,28,15080,29,392568,8,20,20,49,0
HSP07,7,doler,25,69627,28,15080,29,392568,7,11,12,39,7
HSP08,8,doler,25,69627,28,15080,29,392568,1,13,11,41,5
HSP09,9,doler,25,69627,28,15080,29,392568,5,12,11,30,0
HSP10,10,doler,25,69627,28,15080,29,392568,9,16,16,43,4
HSP11,11,doler,25,69627,28,15080,29,392568,9,13,13,34,3
HSP12,12,doler,25,69627,28,15080,29,392568,7,19,19,42,7
HSP13,13,doler,25,69627,28,15080,29,392568,4,19,19,42,0
HSP14,14,doler,25,69627,28,15080,29,392568,2,13,16,28,0
HSP15,15,doler,25,69627,28,15080,29,392568,3,11,11,37,0
HSP16,16,doler,25,69627,28,15080,29,392568,9,18,17,31,3
HSP17,17,doler,25,69627,28,15080,29,392568,4,15,15,45,4
HSP18,18,doler,25,69627,28,15080,29,392568,6,16,16,44,4
HSP19,19,doler,25,69627,28,15080,29,392568,4,16,20,30,0
HSP20,20,doler,25,69627,28,15080,29,392568,5,7,6,42,4
HSP21,21,doler,25,69627,28,15080,29,392568,5,12,15,42,0
HSP22,22,doler,25,69627,28,15080,29,392568,4,5,6,32,4
HSP23,23,doler,25,69627,28,15080,29,392568,3,19,20,42,4
HSP24,24,doler,25,69627,28,15080,29,392568,5,16,16,48,5
HSP25,25,doler,25,69627,28,15080,29,392568,6,15,15,42,3
HSP27,27,doler,25,69627,28,15080,29,392568,9,16,14,35,0
HSP28,28,doler,25,69627,28,15080,29,392568,4,8,9,39,3
HSP29,29,doler,25,69627,28,15080,29,392568,4,14,16,25,2
HSP30,30,doler,25,69627,28,15080,29,392568,5,14,16,25,2
HSP31,31,doler,25,69627,28,15080,29,392568,8,12,11,41,4
HSP32,32,doler,25,69627,28,15080,29,392568,5,13,13,43,3
HSP33,33,doler,25,69627,28,15080,29,392568,9,15,15,43,0
HSP34,34,doler,25,69627,28,15080,29,392568,7,7,7,42,8
HSP35,35,doler,25,69627,28,15080,29,392568,7,17,17,37,0
HSP36,36,doler,25,69627,28,15080,29,392568,2,9,11,45,0
HSP41,41,doler,25,69627,28,15080,29,392568,2,6,7,39,0
HSP42,42,doler,25,69627,28,15080,29,392568,4,13,13,29,3
HSP45,45,doler,25,69627,28,15080,29,392568,4,14,14,44,4
HSP46,46,doler,25,69627,28,15080,29,392568,6,15,15,35,3
HSP47,47,doler,25,69627,28,15080,29,392568,5,14,11,34,0
HSP48,48,doler,25,69627,28,15080,29,392568,4,11,11,34,4
HSP49,49,doler,25,69627,28,15080,29,392568,8,19,18,49,4
HSP50,50,doler,25,69627,28,15080,29,392568,6,12,14,44,4
HSP51,51,doler,25,69627,28,15080,29,392568,3,13,13,38,0
HSP52,52,doler,25,69627,28,15080,29,392568,4,13,12,43,0
HSP53,53,doler,25,69627,28,15080,29,392568,6,21,21,43,5
HSP54,54,doler,25,69627,28,15080,29,392568,9,20,20,42,8
HSP55,55,doler,25,69627,28,15080,29,392568,9,21,22,43,4
HSP56,56,doler,25,69627,28,15080,29,392568,2,12,12,31,0
HSP57,57,doler,25,69627,28,15080,29,392568,7,12,15,38,5
HSP58,58,doler,25,69627,28,15080,29,392568,6,18,20,35,1
HSP59,59,doler,25,69627,28,15080,29,392568,9,16,18,48,0
HSP61,61,doler,25,69627,28,15080,29,392568,9,8,8,29,4
HSP01,1,bailar,28,29935,25,20774,28,507068,7,10,13,45,0
HSP02,2,bailar,28,29935,25,20774,28,507068,7,12,13,38,0
HSP03,3,bailar,28,29935,25,20774,28,507068,6,21,22,40,3
HSP04,4,bailar,28,29935,25,20774,28,507068,4,15,16,40,0
HSP05,5,bailar,28,29935,25,20774,28,507068,1,15,12,40,0
HSP06,6,bailar,28,29935,25,20774,28,507068,5,20,20,49,0
HSP07,7,bailar,28,29935,25,20774,28,507068,6,11,12,39,7
HSP08,8,bailar,28,29935,25,20774,28,507068,2,13,11,41,5
HSP09,9,bailar,28,29935,25,20774,28,507068,5,12,11,30,0
HSP10,10,bailar,28,29935,25,20774,28,507068,7,16,16,43,4
HSP11,11,bailar,28,29935,25,20774,28,507068,9,13,13,34,3
HSP12,12,bailar,28,29935,25,20774,28,507068,5,19,19,42,7
HSP13,13,bailar,28,29935,25,20774,28,507068,4,19,19,42,0
HSP14,14,bailar,28,29935,25,20774,28,507068,3,13,16,28,0
HSP15,15,bailar,28,29935,25,20774,28,507068,4,11,11,37,0
HSP16,16,bailar,28,29935,25,20774,28,507068,9,18,17,31,3
HSP17,17,bailar,28,29935,25,20774,28,507068,3,15,15,45,4
HSP18,18,bailar,28,29935,25,20774,28,507068,3,16,16,44,4
HSP19,19,bailar,28,29935,25,20774,28,507068,,16,20,30,0
HSP20,20,bailar,28,29935,25,20774,28,507068,4,7,6,42,4
HSP21,21,bailar,28,29935,25,20774,28,507068,5,12,15,42,0
HSP22,22,bailar,28,29935,25,20774,28,507068,3,5,6,32,4
HSP23,23,bailar,28,29935,25,20774,28,507068,3,19,20,42,4
HSP24,24,bailar,28,29935,25,20774,28,507068,2,16,16,48,5
HSP25,25,bailar,28,29935,25,20774,28,507068,6,15,15,42,3
HSP27,27,bailar,28,29935,25,20774,28,507068,5,16,14,35,0
HSP28,28,bailar,28,29935,25,20774,28,507068,3,8,9,39,3
HSP29,29,bailar,28,29935,25,20774,28,507068,5,14,16,25,2
HSP30,30,bailar,28,29935,25,20774,28,507068,6,14,16,25,2
HSP31,31,bailar,28,29935,25,20774,28,507068,8,12,11,41,4
HSP32,32,bailar,28,29935,25,20774,28,507068,3,13,13,43,3
HSP33,33,bailar,28,29935,25,20774,28,507068,3,15,15,43,0
HSP34,34,bailar,28,29935,25,20774,28,507068,5,7,7,42,8
HSP35,35,bailar,28,29935,25,20774,28,507068,5,17,17,37,0
HSP36,36,bailar,28,29935,25,20774,28,507068,4,9,11,45,0
HSP41,41,bailar,28,29935,25,20774,28,507068,2,6,7,39,0
HSP42,42,bailar,28,29935,25,20774,28,507068,4,13,13,29,3
HSP45,45,bailar,28,29935,25,20774,28,507068,2,14,14,44,4
HSP46,46,bailar,28,29935,25,20774,28,507068,7,15,15,35,3
HSP47,47,bailar,28,29935,25,20774,28,507068,4,14,11,34,0
HSP48,48,bailar,28,29935,25,20774,28,507068,1,11,11,34,4
HSP49,49,bailar,28,29935,25,20774,28,507068,5,19,18,49,4
HSP50,50,bailar,28,29935,25,20774,28,507068,4,12,14,44,4
HSP51,51,bailar,28,29935,25,20774,28,507068,3,13,13,38,0
HSP52,52,bailar,28,29935,25,20774,28,507068,5,13,12,43,0
HSP53,53,bailar,28,29935,25,20774,28,507068,4,21,21,43,5
HSP54,54,bailar,28,29935,25,20774,28,507068,7,20,20,42,8
HSP55,55,bailar,28,29935,25,20774,28,507068,9,21,22,43,4
HSP56,56,bailar,28,29935,25,20774,28,507068,5,12,12,31,0
HSP57,57,bailar,28,29935,25,20774,28,507068,3,12,15,38,5
HSP58,58,bailar,28,29935,25,20774,28,507068,2,18,20,35,1
HSP59,59,bailar,28,29935,25,20774,28,507068,9,16,18,48,0
HSP61,61,bailar,28,29935,25,20774,28,507068,9,8,8,29,4
HSP01,1,excluir,27,53412,29,10043,27,576867,3,10,13,45,0
HSP02,2,excluir,27,53412,29,10043,27,576867,2,12,13,38,0
HSP03,3,excluir,27,53412,29,10043,27,576867,4,21,22,40,3
HSP04,4,excluir,27,53412,29,10043,27,576867,4,15,16,40,0
HSP05,5,excluir,27,53412,29,10043,27,576867,1,15,12,40,0
HSP06,6,excluir,27,53412,29,10043,27,576867,4,20,20,49,0
HSP07,7,excluir,27,53412,29,10043,27,576867,2,11,12,39,7
HSP08,8,excluir,27,53412,29,10043,27,576867,1,13,11,41,5
HSP09,9,excluir,27,53412,29,10043,27,576867,1,12,11,30,0
HSP10,10,excluir,27,53412,29,10043,27,576867,4,16,16,43,4
HSP11,11,excluir,27,53412,29,10043,27,576867,4,13,13,34,3
HSP12,12,excluir,27,53412,29,10043,27,576867,5,19,19,42,7
HSP13,13,excluir,27,53412,29,10043,27,576867,3,19,19,42,0
HSP14,14,excluir,27,53412,29,10043,27,576867,2,13,16,28,0
HSP15,15,excluir,27,53412,29,10043,27,576867,0,11,11,37,0
HSP16,16,excluir,27,53412,29,10043,27,576867,9,18,17,31,3
HSP17,17,excluir,27,53412,29,10043,27,576867,2,15,15,45,4
HSP18,18,excluir,27,53412,29,10043,27,576867,1,16,16,44,4
HSP19,19,excluir,27,53412,29,10043,27,576867,4,16,20,30,0
HSP20,20,excluir,27,53412,29,10043,27,576867,3,7,6,42,4
HSP21,21,excluir,27,53412,29,10043,27,576867,2,12,15,42,0
HSP22,22,excluir,27,53412,29,10043,27,576867,4,5,6,32,4
HSP23,23,excluir,27,53412,29,10043,27,576867,1,19,20,42,4
HSP24,24,excluir,27,53412,29,10043,27,576867,1,16,16,48,5
HSP25,25,excluir,27,53412,29,10043,27,576867,5,15,15,42,3
HSP27,27,excluir,27,53412,29,10043,27,576867,1,16,14,35,0
HSP28,28,excluir,27,53412,29,10043,27,576867,1,8,9,39,3
HSP29,29,excluir,27,53412,29,10043,27,576867,4,14,16,25,2
HSP30,30,excluir,27,53412,29,10043,27,576867,5,14,16,25,2
HSP31,31,excluir,27,53412,29,10043,27,576867,7,12,11,41,4
HSP32,32,excluir,27,53412,29,10043,27,576867,1,13,13,43,3
HSP33,33,excluir,27,53412,29,10043,27,576867,1,15,15,43,0
HSP34,34,excluir,27,53412,29,10043,27,576867,3,7,7,42,8
HSP35,35,excluir,27,53412,29,10043,27,576867,5,17,17,37,0
HSP36,36,excluir,27,53412,29,10043,27,576867,1,9,11,45,0
HSP41,41,excluir,27,53412,29,10043,27,576867,1,6,7,39,0
HSP42,42,excluir,27,53412,29,10043,27,576867,3,13,13,29,3
HSP45,45,excluir,27,53412,29,10043,27,576867,3,14,14,44,4
HSP46,46,excluir,27,53412,29,10043,27,576867,4,15,15,35,3
HSP47,47,excluir,27,53412,29,10043,27,576867,3,14,11,34,0
HSP48,48,excluir,27,53412,29,10043,27,576867,1,11,11,34,4
HSP49,49,excluir,27,53412,29,10043,27,576867,6,19,18,49,4
HSP50,50,excluir,27,53412,29,10043,27,576867,5,12,14,44,4
HSP51,51,excluir,27,53412,29,10043,27,576867,2,13,13,38,0
HSP52,52,excluir,27,53412,29,10043,27,576867,1,13,12,43,0
HSP53,53,excluir,27,53412,29,10043,27,576867,4,21,21,43,5
HSP54,54,excluir,27,53412,29,10043,27,576867,7,20,20,42,8
HSP55,55,excluir,27,53412,29,10043,27,576867,5,21,22,43,4
HSP56,56,excluir,27,53412,29,10043,27,576867,5,12,12,31,0
HSP57,57,excluir,27,53412,29,10043,27,576867,2,12,15,38,5
HSP58,58,excluir,27,53412,29,10043,27,576867,1,18,20,35,1
HSP59,59,excluir,27,53412,29,10043,27,576867,5,16,18,48,0
HSP61,61,excluir,27,53412,29,10043,27,576867,5,8,8,29,4
HSP01,1,robar,29,28182,27,19522,26,862804,1,10,13,45,0
HSP02,2,robar,29,28182,27,19522,26,862804,2,12,13,38,0
HSP03,3,robar,29,28182,27,19522,26,862804,6,21,22,40,3
HSP04,4,robar,29,28182,27,19522,26,862804,4,15,16,40,0
HSP05,5,robar,29,28182,27,19522,26,862804,1,15,12,40,0
HSP06,6,robar,29,28182,27,19522,26,862804,5,20,20,49,0
HSP07,7,robar,29,28182,27,19522,26,862804,6,11,12,39,7
HSP08,8,robar,29,28182,27,19522,26,862804,1,13,11,41,5
HSP09,9,robar,29,28182,27,19522,26,862804,2,12,11,30,0
HSP10,10,robar,29,28182,27,19522,26,862804,5,16,16,43,4
HSP11,11,robar,29,28182,27,19522,26,862804,4,13,13,34,3
HSP12,12,robar,29,28182,27,19522,26,862804,3,19,19,42,7
HSP13,13,robar,29,28182,27,19522,26,862804,4,19,19,42,0
HSP14,14,robar,29,28182,27,19522,26,862804,1,13,16,28,0
HSP15,15,robar,29,28182,27,19522,26,862804,0,11,11,37,0
HSP16,16,robar,29,28182,27,19522,26,862804,9,18,17,31,3
HSP17,17,robar,29,28182,27,19522,26,862804,2,15,15,45,4
HSP18,18,robar,29,28182,27,19522,26,862804,3,16,16,44,4
HSP19,19,robar,29,28182,27,19522,26,862804,4,16,20,30,0
HSP20,20,robar,29,28182,27,19522,26,862804,2,7,6,42,4
HSP21,21,robar,29,28182,27,19522,26,862804,5,12,15,42,0
HSP22,22,robar,29,28182,27,19522,26,862804,2,5,6,32,4
HSP23,23,robar,29,28182,27,19522,26,862804,0,19,20,42,4
HSP24,24,robar,29,28182,27,19522,26,862804,1,16,16,48,5
HSP25,25,robar,29,28182,27,19522,26,862804,3,15,15,42,3
HSP27,27,robar,29,28182,27,19522,26,862804,1,16,14,35,0
HSP28,28,robar,29,28182,27,19522,26,862804,2,8,9,39,3
HSP29,29,robar,29,28182,27,19522,26,862804,4,14,16,25,2
HSP30,30,robar,29,28182,27,19522,26,862804,4,14,16,25,2
HSP31,31,robar,29,28182,27,19522,26,862804,4,12,11,41,4
HSP32,32,robar,29,28182,27,19522,26,862804,2,13,13,43,3
HSP33,33,robar,29,28182,27,19522,26,862804,1,15,15,43,0
HSP34,34,robar,29,28182,27,19522,26,862804,3,7,7,42,8
HSP35,35,robar,29,28182,27,19522,26,862804,4,17,17,37,0
HSP36,36,robar,29,28182,27,19522,26,862804,2,9,11,45,0
HSP41,41,robar,29,28182,27,19522,26,862804,2,6,7,39,0
HSP42,42,robar,29,28182,27,19522,26,862804,2,13,13,29,3
HSP45,45,robar,29,28182,27,19522,26,862804,2,14,14,44,4
HSP46,46,robar,29,28182,27,19522,26,862804,3,15,15,35,3
HSP47,47,robar,29,28182,27,19522,26,862804,4,14,11,34,0
HSP48,48,robar,29,28182,27,19522,26,862804,2,11,11,34,4
HSP49,49,robar,29,28182,27,19522,26,862804,8,19,18,49,4
HSP50,50,robar,29,28182,27,19522,26,862804,5,12,14,44,4
HSP51,51,robar,29,28182,27,19522,26,862804,3,13,13,38,0
HSP52,52,robar,29,28182,27,19522,26,862804,1,13,12,43,0
HSP53,53,robar,29,28182,27,19522,26,862804,5,21,21,43,5
HSP54,54,robar,29,28182,27,19522,26,862804,7,20,20,42,8
HSP55,55,robar,29,28182,27,19522,26,862804,5,21,22,43,4
HSP56,56,robar,29,28182,27,19522,26,862804,0,12,12,31,0
HSP57,57,robar,29,28182,27,19522,26,862804,0,12,15,38,5
HSP58,58,robar,29,28182,27,19522,26,862804,1,18,20,35,1
HSP59,59,robar,29,28182,27,19522,26,862804,5,16,18,48,0
HSP61,61,robar,29,28182,27,19522,26,862804,9,8,8,29,4
HSP01,1,sugerir,21,88224,24,24081,25,1018893,1,10,13,45,0
HSP02,2,sugerir,21,88224,24,24081,25,1018893,1,12,13,38,0
HSP03,3,sugerir,21,88224,24,24081,25,1018893,7,21,22,40,3
HSP04,4,sugerir,21,88224,24,24081,25,1018893,7,15,16,40,0
HSP05,5,sugerir,21,88224,24,24081,25,1018893,1,15,12,40,0
HSP06,6,sugerir,21,88224,24,24081,25,1018893,4,20,20,49,0
HSP07,7,sugerir,21,88224,24,24081,25,1018893,2,11,12,39,7
HSP08,8,sugerir,21,88224,24,24081,25,1018893,1,13,11,41,5
HSP09,9,sugerir,21,88224,24,24081,25,1018893,1,12,11,30,0
HSP10,10,sugerir,21,88224,24,24081,25,1018893,4,16,16,43,4
HSP11,11,sugerir,21,88224,24,24081,25,1018893,4,13,13,34,3
HSP12,12,sugerir,21,88224,24,24081,25,1018893,5,19,19,42,7
HSP13,13,sugerir,21,88224,24,24081,25,1018893,0,19,19,42,0
HSP14,14,sugerir,21,88224,24,24081,25,1018893,3,13,16,28,0
HSP15,15,sugerir,21,88224,24,24081,25,1018893,0,11,11,37,0
HSP16,16,sugerir,21,88224,24,24081,25,1018893,9,18,17,31,3
HSP17,17,sugerir,21,88224,24,24081,25,1018893,2,15,15,45,4
HSP18,18,sugerir,21,88224,24,24081,25,1018893,2,16,16,44,4
HSP19,19,sugerir,21,88224,24,24081,25,1018893,4,16,20,30,0
HSP20,20,sugerir,21,88224,24,24081,25,1018893,2,7,6,42,4
HSP21,21,sugerir,21,88224,24,24081,25,1018893,4,12,15,42,0
HSP22,22,sugerir,21,88224,24,24081,25,1018893,2,5,6,32,4
HSP23,23,sugerir,21,88224,24,24081,25,1018893,1,19,20,42,4
HSP24,24,sugerir,21,88224,24,24081,25,1018893,1,16,16,48,5
HSP25,25,sugerir,21,88224,24,24081,25,1018893,3,15,15,42,3
HSP27,27,sugerir,21,88224,24,24081,25,1018893,1,16,14,35,0
HSP28,28,sugerir,21,88224,24,24081,25,1018893,1,8,9,39,3
HSP29,29,sugerir,21,88224,24,24081,25,1018893,3,14,16,25,2
HSP30,30,sugerir,21,88224,24,24081,25,1018893,2,14,16,25,2
HSP31,31,sugerir,21,88224,24,24081,25,1018893,9,12,11,41,4
HSP32,32,sugerir,21,88224,24,24081,25,1018893,1,13,13,43,3
HSP33,33,sugerir,21,88224,24,24081,25,1018893,2,15,15,43,0
HSP34,34,sugerir,21,88224,24,24081,25,1018893,7,7,7,42,8
HSP35,35,sugerir,21,88224,24,24081,25,1018893,7,17,17,37,0
HSP36,36,sugerir,21,88224,24,24081,25,1018893,2,9,11,45,0
HSP41,41,sugerir,21,88224,24,24081,25,1018893,2,6,7,39,0
HSP42,42,sugerir,21,88224,24,24081,25,1018893,4,13,13,29,3
HSP45,45,sugerir,21,88224,24,24081,25,1018893,3,14,14,44,4
HSP46,46,sugerir,21,88224,24,24081,25,1018893,4,15,15,35,3
HSP47,47,sugerir,21,88224,24,24081,25,1018893,3,14,11,34,0
HSP48,48,sugerir,21,88224,24,24081,25,1018893,1,11,11,34,4
HSP49,49,sugerir,21,88224,24,24081,25,1018893,5,19,18,49,4
HSP50,50,sugerir,21,88224,24,24081,25,1018893,6,12,14,44,4
HSP51,51,sugerir,21,88224,24,24081,25,1018893,1,13,13,38,0
HSP52,52,sugerir,21,88224,24,24081,25,1018893,2,13,12,43,0
HSP53,53,sugerir,21,88224,24,24081,25,1018893,4,21,21,43,5
HSP54,54,sugerir,21,88224,24,24081,25,1018893,5,20,20,42,8
HSP55,55,sugerir,21,88224,24,24081,25,1018893,6,21,22,43,4
HSP56,56,sugerir,21,88224,24,24081,25,1018893,3,12,12,31,0
HSP57,57,sugerir,21,88224,24,24081,25,1018893,5,12,15,38,5
HSP58,58,sugerir,21,88224,24,24081,25,1018893,1,18,20,35,1
HSP59,59,sugerir,21,88224,24,24081,25,1018893,4,16,18,48,0
HSP61,61,sugerir,21,88224,24,24081,25,1018893,3,8,8,29,4
HSP01,1,amar,22,80242,22,28853,24,1318934,7,10,13,45,0
HSP02,2,amar,22,80242,22,28853,24,1318934,5,12,13,38,0
HSP03,3,amar,22,80242,22,28853,24,1318934,7,21,22,40,3
HSP04,4,amar,22,80242,22,28853,24,1318934,6,15,16,40,0
HSP05,5,amar,22,80242,22,28853,24,1318934,2,15,12,40,0
HSP06,6,amar,22,80242,22,28853,24,1318934,3,20,20,49,0
HSP07,7,amar,22,80242,22,28853,24,1318934,6,11,12,39,7
HSP08,8,amar,22,80242,22,28853,24,1318934,4,13,11,41,5
HSP09,9,amar,22,80242,22,28853,24,1318934,5,12,11,30,0
HSP10,10,amar,22,80242,22,28853,24,1318934,7,16,16,43,4
HSP11,11,amar,22,80242,22,28853,24,1318934,4,13,13,34,3
HSP12,12,amar,22,80242,22,28853,24,1318934,7,19,19,42,7
HSP13,13,amar,22,80242,22,28853,24,1318934,7,19,19,42,0
HSP14,14,amar,22,80242,22,28853,24,1318934,3,13,16,28,0
HSP15,15,amar,22,80242,22,28853,24,1318934,1,11,11,37,0
HSP16,16,amar,22,80242,22,28853,24,1318934,9,18,17,31,3
HSP17,17,amar,22,80242,22,28853,24,1318934,4,15,15,45,4
HSP18,18,amar,22,80242,22,28853,24,1318934,2,16,16,44,4
HSP19,19,amar,22,80242,22,28853,24,1318934,4,16,20,30,0
HSP20,20,amar,22,80242,22,28853,24,1318934,3,7,6,42,4
HSP21,21,amar,22,80242,22,28853,24,1318934,6,12,15,42,0
HSP22,22,amar,22,80242,22,28853,24,1318934,2,5,6,32,4
HSP23,23,amar,22,80242,22,28853,24,1318934,7,19,20,42,4
HSP24,24,amar,22,80242,22,28853,24,1318934,4,16,16,48,5
HSP25,25,amar,22,80242,22,28853,24,1318934,7,15,15,42,3
HSP27,27,amar,22,80242,22,28853,24,1318934,9,16,14,35,0
HSP28,28,amar,22,80242,22,28853,24,1318934,4,8,9,39,3
HSP29,29,amar,22,80242,22,28853,24,1318934,4,14,16,25,2
HSP30,30,amar,22,80242,22,28853,24,1318934,6,14,16,25,2
HSP31,31,amar,22,80242,22,28853,24,1318934,6,12,11,41,4
HSP32,32,amar,22,80242,22,28853,24,1318934,5,13,13,43,3
HSP33,33,amar,22,80242,22,28853,24,1318934,5,15,15,43,0
HSP34,34,amar,22,80242,22,28853,24,1318934,7,7,7,42,8
HSP35,35,amar,22,80242,22,28853,24,1318934,7,17,17,37,0
HSP36,36,amar,22,80242,22,28853,24,1318934,3,9,11,45,0
HSP41,41,amar,22,80242,22,28853,24,1318934,1,6,7,39,0
HSP42,42,amar,22,80242,22,28853,24,1318934,4,13,13,29,3
HSP45,45,amar,22,80242,22,28853,24,1318934,2,14,14,44,4
HSP46,46,amar,22,80242,22,28853,24,1318934,6,15,15,35,3
HSP47,47,amar,22,80242,22,28853,24,1318934,6,14,11,34,0
HSP48,48,amar,22,80242,22,28853,24,1318934,2,11,11,34,4
HSP49,49,amar,22,80242,22,28853,24,1318934,6,19,18,49,4
HSP50,50,amar,22,80242,22,28853,24,1318934,6,12,14,44,4
HSP51,51,amar,22,80242,22,28853,24,1318934,1,13,13,38,0
HSP52,52,amar,22,80242,22,28853,24,1318934,3,13,12,43,0
HSP53,53,amar,22,80242,22,28853,24,1318934,5,21,21,43,5
HSP54,54,amar,22,80242,22,28853,24,1318934,7,20,20,42,8
HSP55,55,amar,22,80242,22,28853,24,1318934,5,21,22,43,4
HSP56,56,amar,22,80242,22,28853,24,1318934,1,12,12,31,0
HSP57,57,amar,22,80242,22,28853,24,1318934,7,12,15,38,5
HSP58,58,amar,22,80242,22,28853,24,1318934,4,18,20,35,1
HSP59,59,amar,22,80242,22,28853,24,1318934,2,16,18,48,0
HSP61,61,amar,22,80242,22,28853,24,1318934,3,8,8,29,4
HSP01,1,valorar,20,113028,26,19929,23,1415326,1,10,13,45,0
HSP02,2,valorar,20,113028,26,19929,23,1415326,1,12,13,38,0
HSP03,3,valorar,20,113028,26,19929,23,1415326,5,21,22,40,3
HSP04,4,valorar,20,113028,26,19929,23,1415326,3,15,16,40,0
HSP05,5,valorar,20,113028,26,19929,23,1415326,1,15,12,40,0
HSP06,6,valorar,20,113028,26,19929,23,1415326,3,20,20,49,0
HSP07,7,valorar,20,113028,26,19929,23,1415326,2,11,12,39,7
HSP08,8,valorar,20,113028,26,19929,23,1415326,1,13,11,41,5
HSP09,9,valorar,20,113028,26,19929,23,1415326,2,12,11,30,0
HSP10,10,valorar,20,113028,26,19929,23,1415326,4,16,16,43,4
HSP11,11,valorar,20,113028,26,19929,23,1415326,2,13,13,34,3
HSP12,12,valorar,20,113028,26,19929,23,1415326,8,19,19,42,7
HSP13,13,valorar,20,113028,26,19929,23,1415326,4,19,19,42,0
HSP14,14,valorar,20,113028,26,19929,23,1415326,3,13,16,28,0
HSP15,15,valorar,20,113028,26,19929,23,1415326,0,11,11,37,0
HSP16,16,valorar,20,113028,26,19929,23,1415326,9,18,17,31,3
HSP17,17,valorar,20,113028,26,19929,23,1415326,2,15,15,45,4
HSP18,18,valorar,20,113028,26,19929,23,1415326,1,16,16,44,4
HSP19,19,valorar,20,113028,26,19929,23,1415326,4,16,20,30,0
HSP20,20,valorar,20,113028,26,19929,23,1415326,1,7,6,42,4
HSP21,21,valorar,20,113028,26,19929,23,1415326,1,12,15,42,0
HSP22,22,valorar,20,113028,26,19929,23,1415326,5,5,6,32,4
HSP23,23,valorar,20,113028,26,19929,23,1415326,2,19,20,42,4
HSP24,24,valorar,20,113028,26,19929,23,1415326,2,16,16,48,5
HSP25,25,valorar,20,113028,26,19929,23,1415326,4,15,15,42,3
HSP27,27,valorar,20,113028,26,19929,23,1415326,4,16,14,35,0
HSP28,28,valorar,20,113028,26,19929,23,1415326,2,8,9,39,3
HSP29,29,valorar,20,113028,26,19929,23,1415326,3,14,16,25,2
HSP30,30,valorar,20,113028,26,19929,23,1415326,2,14,16,25,2
HSP31,31,valorar,20,113028,26,19929,23,1415326,9,12,11,41,4
HSP32,32,valorar,20,113028,26,19929,23,1415326,1,13,13,43,3
HSP33,33,valorar,20,113028,26,19929,23,1415326,1,15,15,43,0
HSP34,34,valorar,20,113028,26,19929,23,1415326,7,7,7,42,8
HSP35,35,valorar,20,113028,26,19929,23,1415326,5,17,17,37,0
HSP36,36,valorar,20,113028,26,19929,23,1415326,2,9,11,45,0
HSP41,41,valorar,20,113028,26,19929,23,1415326,2,6,7,39,0
HSP42,42,valorar,20,113028,26,19929,23,1415326,1,13,13,29,3
HSP45,45,valorar,20,113028,26,19929,23,1415326,2,14,14,44,4
HSP46,46,valorar,20,113028,26,19929,23,1415326,6,15,15,35,3
HSP47,47,valorar,20,113028,26,19929,23,1415326,6,14,11,34,0
HSP48,48,valorar,20,113028,26,19929,23,1415326,2,11,11,34,4
HSP49,49,valorar,20,113028,26,19929,23,1415326,3,19,18,49,4
HSP50,50,valorar,20,113028,26,19929,23,1415326,4,12,14,44,4
HSP51,51,valorar,20,113028,26,19929,23,1415326,2,13,13,38,0
HSP52,52,valorar,20,113028,26,19929,23,1415326,1,13,12,43,0
HSP53,53,valorar,20,113028,26,19929,23,1415326,5,21,21,43,5
HSP54,54,valorar,20,113028,26,19929,23,1415326,7,20,20,42,8
HSP55,55,valorar,20,113028,26,19929,23,1415326,5,21,22,43,4
HSP56,56,valorar,20,113028,26,19929,23,1415326,0,12,12,31,0
HSP57,57,valorar,20,113028,26,19929,23,1415326,6,12,15,38,5
HSP58,58,valorar,20,113028,26,19929,23,1415326,2,18,20,35,1
HSP59,59,valorar,20,113028,26,19929,23,1415326,3,16,18,48,0
HSP61,61,valorar,20,113028,26,19929,23,1415326,7,8,8,29,4
HSP01,1,ordenar,26,65158,21,29636,22,1542163,2,10,13,45,0
HSP02,2,ordenar,26,65158,21,29636,22,1542163,6,12,13,38,0
HSP03,3,ordenar,26,65158,21,29636,22,1542163,5,21,22,40,3
HSP04,4,ordenar,26,65158,21,29636,22,1542163,3,15,16,40,0
HSP05,5,ordenar,26,65158,21,29636,22,1542163,2,15,12,40,0
HSP06,6,ordenar,26,65158,21,29636,22,1542163,6,20,20,49,0
HSP07,7,ordenar,26,65158,21,29636,22,1542163,8,11,12,39,7
HSP08,8,ordenar,26,65158,21,29636,22,1542163,1,13,11,41,5
HSP09,9,ordenar,26,65158,21,29636,22,1542163,3,12,11,30,0
HSP10,10,ordenar,26,65158,21,29636,22,1542163,7,16,16,43,4
HSP11,11,ordenar,26,65158,21,29636,22,1542163,9,13,13,34,3
HSP12,12,ordenar,26,65158,21,29636,22,1542163,9,19,19,42,7
HSP13,13,ordenar,26,65158,21,29636,22,1542163,4,19,19,42,0
HSP14,14,ordenar,26,65158,21,29636,22,1542163,2,13,16,28,0
HSP15,15,ordenar,26,65158,21,29636,22,1542163,4,11,11,37,0
HSP16,16,ordenar,26,65158,21,29636,22,1542163,9,18,17,31,3
HSP17,17,ordenar,26,65158,21,29636,22,1542163,4,15,15,45,4
HSP18,18,ordenar,26,65158,21,29636,22,1542163,3,16,16,44,4
HSP19,19,ordenar,26,65158,21,29636,22,1542163,4,16,20,30,0
HSP20,20,ordenar,26,65158,21,29636,22,1542163,4,7,6,42,4
HSP21,21,ordenar,26,65158,21,29636,22,1542163,5,12,15,42,0
HSP22,22,ordenar,26,65158,21,29636,22,1542163,4,5,6,32,4
HSP23,23,ordenar,26,65158,21,29636,22,1542163,2,19,20,42,4
HSP24,24,ordenar,26,65158,21,29636,22,1542163,4,16,16,48,5
HSP25,25,ordenar,26,65158,21,29636,22,1542163,5,15,15,42,3
HSP27,27,ordenar,26,65158,21,29636,22,1542163,9,16,14,35,0
HSP28,28,ordenar,26,65158,21,29636,22,1542163,6,8,9,39,3
HSP29,29,ordenar,26,65158,21,29636,22,1542163,8,14,16,25,2
HSP30,30,ordenar,26,65158,21,29636,22,1542163,2,14,16,25,2
HSP31,31,ordenar,26,65158,21,29636,22,1542163,9,12,11,41,4
HSP32,32,ordenar,26,65158,21,29636,22,1542163,1,13,13,43,3
HSP33,33,ordenar,26,65158,21,29636,22,1542163,4,15,15,43,0
HSP34,34,ordenar,26,65158,21,29636,22,1542163,8,7,7,42,8
HSP35,35,ordenar,26,65158,21,29636,22,1542163,8,17,17,37,0
HSP36,36,ordenar,26,65158,21,29636,22,1542163,4,9,11,45,0
HSP41,41,ordenar,26,65158,21,29636,22,1542163,5,6,7,39,0
HSP42,42,ordenar,26,65158,21,29636,22,1542163,4,13,13,29,3
HSP45,45,ordenar,26,65158,21,29636,22,1542163,3,14,14,44,4
HSP46,46,ordenar,26,65158,21,29636,22,1542163,6,15,15,35,3
HSP47,47,ordenar,26,65158,21,29636,22,1542163,7,14,11,34,0
HSP48,48,ordenar,26,65158,21,29636,22,1542163,3,11,11,34,4
HSP49,49,ordenar,26,65158,21,29636,22,1542163,4,19,18,49,4
HSP50,50,ordenar,26,65158,21,29636,22,1542163,5,12,14,44,4
HSP51,51,ordenar,26,65158,21,29636,22,1542163,5,13,13,38,0
HSP52,52,ordenar,26,65158,21,29636,22,1542163,2,13,12,43,0
HSP53,53,ordenar,26,65158,21,29636,22,1542163,6,21,21,43,5
HSP54,54,ordenar,26,65158,21,29636,22,1542163,9,20,20,42,8
HSP55,55,ordenar,26,65158,21,29636,22,1542163,7,21,22,43,4
HSP56,56,ordenar,26,65158,21,29636,22,1542163,5,12,12,31,0
HSP57,57,ordenar,26,65158,21,29636,22,1542163,4,12,15,38,5
HSP58,58,ordenar,26,65158,21,29636,22,1542163,5,18,20,35,1
HSP59,59,ordenar,26,65158,21,29636,22,1542163,5,16,18,48,0
HSP61,61,ordenar,26,65158,21,29636,22,1542163,9,8,8,29,4
HSP01,1,prestar,24,73724,23,27811,21,1676094,4,10,13,45,0
HSP02,2,prestar,24,73724,23,27811,21,1676094,3,12,13,38,0
HSP03,3,prestar,24,73724,23,27811,21,1676094,6,21,22,40,3
HSP04,4,prestar,24,73724,23,27811,21,1676094,7,15,16,40,0
HSP05,5,prestar,24,73724,23,27811,21,1676094,1,15,12,40,0
HSP06,6,prestar,24,73724,23,27811,21,1676094,5,20,20,49,0
HSP07,7,prestar,24,73724,23,27811,21,1676094,8,11,12,39,7
HSP08,8,prestar,24,73724,23,27811,21,1676094,2,13,11,41,5
HSP09,9,prestar,24,73724,23,27811,21,1676094,2,12,11,30,0
HSP10,10,prestar,24,73724,23,27811,21,1676094,6,16,16,43,4
HSP11,11,prestar,24,73724,23,27811,21,1676094,9,13,13,34,3
HSP12,12,prestar,24,73724,23,27811,21,1676094,7,19,19,42,7
HSP13,13,prestar,24,73724,23,27811,21,1676094,4,19,19,42,0
HSP14,14,prestar,24,73724,23,27811,21,1676094,2,13,16,28,0
HSP15,15,prestar,24,73724,23,27811,21,1676094,1,11,11,37,0
HSP16,16,prestar,24,73724,23,27811,21,1676094,9,18,17,31,3
HSP17,17,prestar,24,73724,23,27811,21,1676094,3,15,15,45,4
HSP18,18,prestar,24,73724,23,27811,21,1676094,2,16,16,44,4
HSP19,19,prestar,24,73724,23,27811,21,1676094,4,16,20,30,0
HSP20,20,prestar,24,73724,23,27811,21,1676094,3,7,6,42,4
HSP21,21,prestar,24,73724,23,27811,21,1676094,5,12,15,42,0
HSP22,22,prestar,24,73724,23,27811,21,1676094,4,5,6,32,4
HSP23,23,prestar,24,73724,23,27811,21,1676094,2,19,20,42,4
HSP24,24,prestar,24,73724,23,27811,21,1676094,2,16,16,48,5
HSP25,25,prestar,24,73724,23,27811,21,1676094,5,15,15,42,3
HSP27,27,prestar,24,73724,23,27811,21,1676094,2,16,14,35,0
HSP28,28,prestar,24,73724,23,27811,21,1676094,4,8,9,39,3
HSP29,29,prestar,24,73724,23,27811,21,1676094,5,14,16,25,2
HSP30,30,prestar,24,73724,23,27811,21,1676094,7,14,16,25,2
HSP31,31,prestar,24,73724,23,27811,21,1676094,9,12,11,41,4
HSP32,32,prestar,24,73724,23,27811,21,1676094,1,13,13,43,3
HSP33,33,prestar,24,73724,23,27811,21,1676094,3,15,15,43,0
HSP34,34,prestar,24,73724,23,27811,21,1676094,7,7,7,42,8
HSP35,35,prestar,24,73724,23,27811,21,1676094,7,17,17,37,0
HSP36,36,prestar,24,73724,23,27811,21,1676094,2,9,11,45,0
HSP41,41,prestar,24,73724,23,27811,21,1676094,2,6,7,39,0
HSP42,42,prestar,24,73724,23,27811,21,1676094,4,13,13,29,3
HSP45,45,prestar,24,73724,23,27811,21,1676094,2,14,14,44,4
HSP46,46,prestar,24,73724,23,27811,21,1676094,6,15,15,35,3
HSP47,47,prestar,24,73724,23,27811,21,1676094,6,14,11,34,0
HSP48,48,prestar,24,73724,23,27811,21,1676094,4,11,11,34,4
HSP49,49,prestar,24,73724,23,27811,21,1676094,9,19,18,49,4
HSP50,50,prestar,24,73724,23,27811,21,1676094,5,12,14,44,4
HSP51,51,prestar,24,73724,23,27811,21,1676094,6,13,13,38,0
HSP52,52,prestar,24,73724,23,27811,21,1676094,2,13,12,43,0
HSP53,53,prestar,24,73724,23,27811,21,1676094,5,21,21,43,5
HSP54,54,prestar,24,73724,23,27811,21,1676094,6,20,20,42,8
HSP55,55,prestar,24,73724,23,27811,21,1676094,9,21,22,43,4
HSP56,56,prestar,24,73724,23,27811,21,1676094,4,12,12,31,0
HSP57,57,prestar,24,73724,23,27811,21,1676094,2,12,15,38,5
HSP58,58,prestar,24,73724,23,27811,21,1676094,4,18,20,35,1
HSP59,59,prestar,24,73724,23,27811,21,1676094,5,16,18,48,0
HSP61,61,prestar,24,73724,23,27811,21,1676094,9,8,8,29,4
HSP01,1,viajar,23,78141,20,39565,20,1679151,2,10,13,45,0
HSP02,2,viajar,23,78141,20,39565,20,1679151,5,12,13,38,0
HSP03,3,viajar,23,78141,20,39565,20,1679151,5,21,22,40,3
HSP04,4,viajar,23,78141,20,39565,20,1679151,7,15,16,40,0
HSP05,5,viajar,23,78141,20,39565,20,1679151,1,15,12,40,0
HSP06,6,viajar,23,78141,20,39565,20,1679151,8,20,20,49,0
HSP07,7,viajar,23,78141,20,39565,20,1679151,7,11,12,39,7
HSP08,8,viajar,23,78141,20,39565,20,1679151,1,13,11,41,5
HSP09,9,viajar,23,78141,20,39565,20,1679151,5,12,11,30,0
HSP10,10,viajar,23,78141,20,39565,20,1679151,5,16,16,43,4
HSP11,11,viajar,23,78141,20,39565,20,1679151,7,13,13,34,3
HSP12,12,viajar,23,78141,20,39565,20,1679151,6,19,19,42,7
HSP13,13,viajar,23,78141,20,39565,20,1679151,4,19,19,42,0
HSP14,14,viajar,23,78141,20,39565,20,1679151,2,13,16,28,0
HSP15,15,viajar,23,78141,20,39565,20,1679151,2,11,11,37,0
HSP16,16,viajar,23,78141,20,39565,20,1679151,9,18,17,31,3
HSP17,17,viajar,23,78141,20,39565,20,1679151,2,15,15,45,4
HSP18,18,viajar,23,78141,20,39565,20,1679151,4,16,16,44,4
HSP19,19,viajar,23,78141,20,39565,20,1679151,4,16,20,30,0
HSP20,20,viajar,23,78141,20,39565,20,1679151,2,7,6,42,4
HSP21,21,viajar,23,78141,20,39565,20,1679151,3,12,15,42,0
HSP22,22,viajar,23,78141,20,39565,20,1679151,3,5,6,32,4
HSP23,23,viajar,23,78141,20,39565,20,1679151,4,19,20,42,4
HSP24,24,viajar,23,78141,20,39565,20,1679151,3,16,16,48,5
HSP25,25,viajar,23,78141,20,39565,20,1679151,5,15,15,42,3
HSP27,27,viajar,23,78141,20,39565,20,1679151,4,16,14,35,0
HSP28,28,viajar,23,78141,20,39565,20,1679151,4,8,9,39,3
HSP29,29,viajar,23,78141,20,39565,20,1679151,5,14,16,25,2
HSP30,30,viajar,23,78141,20,39565,20,1679151,2,14,16,25,2
HSP31,31,viajar,23,78141,20,39565,20,1679151,6,12,11,41,4
HSP32,32,viajar,23,78141,20,39565,20,1679151,3,13,13,43,3
HSP33,33,viajar,23,78141,20,39565,20,1679151,2,15,15,43,0
HSP34,34,viajar,23,78141,20,39565,20,1679151,7,7,7,42,8
HSP35,35,viajar,23,78141,20,39565,20,1679151,6,17,17,37,0
HSP36,36,viajar,23,78141,20,39565,20,1679151,3,9,11,45,0
HSP41,41,viajar,23,78141,20,39565,20,1679151,2,6,7,39,0
HSP42,42,viajar,23,78141,20,39565,20,1679151,2,13,13,29,3
HSP45,45,viajar,23,78141,20,39565,20,1679151,2,14,14,44,4
HSP46,46,viajar,23,78141,20,39565,20,1679151,6,15,15,35,3
HSP47,47,viajar,23,78141,20,39565,20,1679151,5,14,11,34,0
HSP48,48,viajar,23,78141,20,39565,20,1679151,3,11,11,34,4
HSP49,49,viajar,23,78141,20,39565,20,1679151,5,19,18,49,4
HSP50,50,viajar,23,78141,20,39565,20,1679151,5,12,14,44,4
HSP51,51,viajar,23,78141,20,39565,20,1679151,7,13,13,38,0
HSP52,52,viajar,23,78141,20,39565,20,1679151,4,13,12,43,0
HSP53,53,viajar,23,78141,20,39565,20,1679151,4,21,21,43,5
HSP54,54,viajar,23,78141,20,39565,20,1679151,7,20,20,42,8
HSP55,55,viajar,23,78141,20,39565,20,1679151,6,21,22,43,4
HSP56,56,viajar,23,78141,20,39565,20,1679151,2,12,12,31,0
HSP57,57,viajar,23,78141,20,39565,20,1679151,8,12,15,38,5
HSP58,58,viajar,23,78141,20,39565,20,1679151,1,18,20,35,1
HSP59,59,viajar,23,78141,20,39565,20,1679151,7,16,18,48,0
HSP61,61,viajar,23,78141,20,39565,20,1679151,9,8,8,29,4
HSP01,1,faltar,17,182742,17,46318,19,2115453,2,10,13,45,0
HSP02,2,faltar,17,182742,17,46318,19,2115453,3,12,13,38,0
HSP03,3,faltar,17,182742,17,46318,19,2115453,5,21,22,40,3
HSP04,4,faltar,17,182742,17,46318,19,2115453,4,15,16,40,0
HSP05,5,faltar,17,182742,17,46318,19,2115453,1,15,12,40,0
HSP06,6,faltar,17,182742,17,46318,19,2115453,8,20,20,49,0
HSP07,7,faltar,17,182742,17,46318,19,2115453,6,11,12,39,7
HSP08,8,faltar,17,182742,17,46318,19,2115453,1,13,11,41,5
HSP09,9,faltar,17,182742,17,46318,19,2115453,5,12,11,30,0
HSP10,10,faltar,17,182742,17,46318,19,2115453,9,16,16,43,4
HSP11,11,faltar,17,182742,17,46318,19,2115453,4,13,13,34,3
HSP12,12,faltar,17,182742,17,46318,19,2115453,7,19,19,42,7
HSP13,13,faltar,17,182742,17,46318,19,2115453,4,19,19,42,0
HSP14,14,faltar,17,182742,17,46318,19,2115453,2,13,16,28,0
HSP15,15,faltar,17,182742,17,46318,19,2115453,2,11,11,37,0
HSP16,16,faltar,17,182742,17,46318,19,2115453,9,18,17,31,3
HSP17,17,faltar,17,182742,17,46318,19,2115453,3,15,15,45,4
HSP18,18,faltar,17,182742,17,46318,19,2115453,3,16,16,44,4
HSP19,19,faltar,17,182742,17,46318,19,2115453,,16,20,30,0
HSP20,20,faltar,17,182742,17,46318,19,2115453,4,7,6,42,4
HSP21,21,faltar,17,182742,17,46318,19,2115453,3,12,15,42,0
HSP22,22,faltar,17,182742,17,46318,19,2115453,5,5,6,32,4
HSP23,23,faltar,17,182742,17,46318,19,2115453,2,19,20,42,4
HSP24,24,faltar,17,182742,17,46318,19,2115453,3,16,16,48,5
HSP25,25,faltar,17,182742,17,46318,19,2115453,6,15,15,42,3
HSP27,27,faltar,17,182742,17,46318,19,2115453,9,16,14,35,0
HSP28,28,faltar,17,182742,17,46318,19,2115453,3,8,9,39,3
HSP29,29,faltar,17,182742,17,46318,19,2115453,7,14,16,25,2
HSP30,30,faltar,17,182742,17,46318,19,2115453,5,14,16,25,2
HSP31,31,faltar,17,182742,17,46318,19,2115453,9,12,11,41,4
HSP32,32,faltar,17,182742,17,46318,19,2115453,3,13,13,43,3
HSP33,33,faltar,17,182742,17,46318,19,2115453,2,15,15,43,0
HSP34,34,faltar,17,182742,17,46318,19,2115453,6,7,7,42,8
HSP35,35,faltar,17,182742,17,46318,19,2115453,8,17,17,37,0
HSP36,36,faltar,17,182742,17,46318,19,2115453,2,9,11,45,0
HSP41,41,faltar,17,182742,17,46318,19,2115453,2,6,7,39,0
HSP42,42,faltar,17,182742,17,46318,19,2115453,3,13,13,29,3
HSP45,45,faltar,17,182742,17,46318,19,2115453,5,14,14,44,4
HSP46,46,faltar,17,182742,17,46318,19,2115453,6,15,15,35,3
HSP47,47,faltar,17,182742,17,46318,19,2115453,4,14,11,34,0
HSP48,48,faltar,17,182742,17,46318,19,2115453,2,11,11,34,4
HSP49,49,faltar,17,182742,17,46318,19,2115453,6,19,18,49,4
HSP50,50,faltar,17,182742,17,46318,19,2115453,7,12,14,44,4
HSP51,51,faltar,17,182742,17,46318,19,2115453,2,13,13,38,0
HSP52,52,faltar,17,182742,17,46318,19,2115453,2,13,12,43,0
HSP53,53,faltar,17,182742,17,46318,19,2115453,6,21,21,43,5
HSP54,54,faltar,17,182742,17,46318,19,2115453,8,20,20,42,8
HSP55,55,faltar,17,182742,17,46318,19,2115453,8,21,22,43,4
HSP56,56,faltar,17,182742,17,46318,19,2115453,3,12,12,31,0
HSP57,57,faltar,17,182742,17,46318,19,2115453,4,12,15,38,5
HSP58,58,faltar,17,182742,17,46318,19,2115453,3,18,20,35,1
HSP59,59,faltar,17,182742,17,46318,19,2115453,5,16,18,48,0
HSP61,61,faltar,17,182742,17,46318,19,2115453,9,8,8,29,4
HSP01,1,desear,18,148807,18,45949,18,3100788,3,10,13,45,0
HSP02,2,desear,18,148807,18,45949,18,3100788,3,12,13,38,0
HSP03,3,desear,18,148807,18,45949,18,3100788,6,21,22,40,3
HSP04,4,desear,18,148807,18,45949,18,3100788,3,15,16,40,0
HSP05,5,desear,18,148807,18,45949,18,3100788,1,15,12,40,0
HSP06,6,desear,18,148807,18,45949,18,3100788,6,20,20,49,0
HSP07,7,desear,18,148807,18,45949,18,3100788,5,11,12,39,7
HSP08,8,desear,18,148807,18,45949,18,3100788,1,13,11,41,5
HSP09,9,desear,18,148807,18,45949,18,3100788,5,12,11,30,0
HSP10,10,desear,18,148807,18,45949,18,3100788,7,16,16,43,4
HSP11,11,desear,18,148807,18,45949,18,3100788,4,13,13,34,3
HSP12,12,desear,18,148807,18,45949,18,3100788,6,19,19,42,7
HSP13,13,desear,18,148807,18,45949,18,3100788,4,19,19,42,0
HSP14,14,desear,18,148807,18,45949,18,3100788,4,13,16,28,0
HSP15,15,desear,18,148807,18,45949,18,3100788,0,11,11,37,0
HSP16,16,desear,18,148807,18,45949,18,3100788,9,18,17,31,3
HSP17,17,desear,18,148807,18,45949,18,3100788,5,15,15,45,4
HSP18,18,desear,18,148807,18,45949,18,3100788,2,16,16,44,4
HSP19,19,desear,18,148807,18,45949,18,3100788,4,16,20,30,0
HSP20,20,desear,18,148807,18,45949,18,3100788,4,7,6,42,4
HSP21,21,desear,18,148807,18,45949,18,3100788,4,12,15,42,0
HSP22,22,desear,18,148807,18,45949,18,3100788,1,5,6,32,4
HSP23,23,desear,18,148807,18,45949,18,3100788,1,19,20,42,4
HSP24,24,desear,18,148807,18,45949,18,3100788,3,16,16,48,5
HSP25,25,desear,18,148807,18,45949,18,3100788,4,15,15,42,3
HSP27,27,desear,18,148807,18,45949,18,3100788,5,16,14,35,0
HSP28,28,desear,18,148807,18,45949,18,3100788,3,8,9,39,3
HSP29,29,desear,18,148807,18,45949,18,3100788,6,14,16,25,2
HSP30,30,desear,18,148807,18,45949,18,3100788,2,14,16,25,2
HSP31,31,desear,18,148807,18,45949,18,3100788,9,12,11,41,4
HSP32,32,desear,18,148807,18,45949,18,3100788,3,13,13,43,3
HSP33,33,desear,18,148807,18,45949,18,3100788,4,15,15,43,0
HSP34,34,desear,18,148807,18,45949,18,3100788,6,7,7,42,8
HSP35,35,desear,18,148807,18,45949,18,3100788,7,17,17,37,0
HSP36,36,desear,18,148807,18,45949,18,3100788,4,9,11,45,0
HSP41,41,desear,18,148807,18,45949,18,3100788,1,6,7,39,0
HSP42,42,desear,18,148807,18,45949,18,3100788,4,13,13,29,3
HSP45,45,desear,18,148807,18,45949,18,3100788,4,14,14,44,4
HSP46,46,desear,18,148807,18,45949,18,3100788,5,15,15,35,3
HSP47,47,desear,18,148807,18,45949,18,3100788,3,14,11,34,0
HSP48,48,desear,18,148807,18,45949,18,3100788,2,11,11,34,4
HSP49,49,desear,18,148807,18,45949,18,3100788,3,19,18,49,4
HSP50,50,desear,18,148807,18,45949,18,3100788,6,12,14,44,4
HSP51,51,desear,18,148807,18,45949,18,3100788,2,13,13,38,0
HSP52,52,desear,18,148807,18,45949,18,3100788,3,13,12,43,0
HSP53,53,desear,18,148807,18,45949,18,3100788,4,21,21,43,5
HSP54,54,desear,18,148807,18,45949,18,3100788,8,20,20,42,8
HSP55,55,desear,18,148807,18,45949,18,3100788,5,21,22,43,4
HSP56,56,desear,18,148807,18,45949,18,3100788,6,12,12,31,0
HSP57,57,desear,18,148807,18,45949,18,3100788,6,12,15,38,5
HSP58,58,desear,18,148807,18,45949,18,3100788,2,18,20,35,1
HSP59,59,desear,18,148807,18,45949,18,3100788,5,16,18,48,0
HSP61,61,desear,18,148807,18,45949,18,3100788,5,8,8,29,4
HSP01,1,enviar,8,766523,19,44367,17,3171222,2,10,13,45,0
HSP02,2,enviar,8,766523,19,44367,17,3171222,7,12,13,38,0
HSP03,3,enviar,8,766523,19,44367,17,3171222,4,21,22,40,3
HSP04,4,enviar,8,766523,19,44367,17,3171222,6,15,16,40,0
HSP05,5,enviar,8,766523,19,44367,17,3171222,1,15,12,40,0
HSP06,6,enviar,8,766523,19,44367,17,3171222,8,20,20,49,0
HSP07,7,enviar,8,766523,19,44367,17,3171222,7,11,12,39,7
HSP08,8,enviar,8,766523,19,44367,17,3171222,1,13,11,41,5
HSP09,9,enviar,8,766523,19,44367,17,3171222,3,12,11,30,0
HSP10,10,enviar,8,766523,19,44367,17,3171222,6,16,16,43,4
HSP11,11,enviar,8,766523,19,44367,17,3171222,4,13,13,34,3
HSP12,12,enviar,8,766523,19,44367,17,3171222,7,19,19,42,7
HSP13,13,enviar,8,766523,19,44367,17,3171222,4,19,19,42,0
HSP14,14,enviar,8,766523,19,44367,17,3171222,4,13,16,28,0
HSP15,15,enviar,8,766523,19,44367,17,3171222,2,11,11,37,0
HSP16,16,enviar,8,766523,19,44367,17,3171222,9,18,17,31,3
HSP17,17,enviar,8,766523,19,44367,17,3171222,3,15,15,45,4
HSP18,18,enviar,8,766523,19,44367,17,3171222,3,16,16,44,4
HSP19,19,enviar,8,766523,19,44367,17,3171222,3,16,20,30,0
HSP20,20,enviar,8,766523,19,44367,17,3171222,5,7,6,42,4
HSP21,21,enviar,8,766523,19,44367,17,3171222,3,12,15,42,0
HSP22,22,enviar,8,766523,19,44367,17,3171222,5,5,6,32,4
HSP23,23,enviar,8,766523,19,44367,17,3171222,4,19,20,42,4
HSP24,24,enviar,8,766523,19,44367,17,3171222,5,16,16,48,5
HSP25,25,enviar,8,766523,19,44367,17,3171222,6,15,15,42,3
HSP27,27,enviar,8,766523,19,44367,17,3171222,9,16,14,35,0
HSP28,28,enviar,8,766523,19,44367,17,3171222,3,8,9,39,3
HSP29,29,enviar,8,766523,19,44367,17,3171222,6,14,16,25,2
HSP30,30,enviar,8,766523,19,44367,17,3171222,1,14,16,25,2
HSP31,31,enviar,8,766523,19,44367,17,3171222,8,12,11,41,4
HSP32,32,enviar,8,766523,19,44367,17,3171222,1,13,13,43,3
HSP33,33,enviar,8,766523,19,44367,17,3171222,1,15,15,43,0
HSP34,34,enviar,8,766523,19,44367,17,3171222,8,7,7,42,8
HSP35,35,enviar,8,766523,19,44367,17,3171222,9,17,17,37,0
HSP36,36,enviar,8,766523,19,44367,17,3171222,2,9,11,45,0
HSP41,41,enviar,8,766523,19,44367,17,3171222,2,6,7,39,0
HSP42,42,enviar,8,766523,19,44367,17,3171222,4,13,13,29,3
HSP45,45,enviar,8,766523,19,44367,17,3171222,4,14,14,44,4
HSP46,46,enviar,8,766523,19,44367,17,3171222,3,15,15,35,3
HSP47,47,enviar,8,766523,19,44367,17,3171222,3,14,11,34,0
HSP48,48,enviar,8,766523,19,44367,17,3171222,2,11,11,34,4
HSP49,49,enviar,8,766523,19,44367,17,3171222,6,19,18,49,4
HSP50,50,enviar,8,766523,19,44367,17,3171222,5,12,14,44,4
HSP51,51,enviar,8,766523,19,44367,17,3171222,4,13,13,38,0
HSP52,52,enviar,8,766523,19,44367,17,3171222,6,13,12,43,0
HSP53,53,enviar,8,766523,19,44367,17,3171222,4,21,21,43,5
HSP54,54,enviar,8,766523,19,44367,17,3171222,9,20,20,42,8
HSP55,55,enviar,8,766523,19,44367,17,3171222,8,21,22,43,4
HSP56,56,enviar,8,766523,19,44367,17,3171222,1,12,12,31,0
HSP57,57,enviar,8,766523,19,44367,17,3171222,6,12,15,38,5
HSP58,58,enviar,8,766523,19,44367,17,3171222,4,18,20,35,1
HSP59,59,enviar,8,766523,19,44367,17,3171222,9,16,18,48,0
HSP61,61,enviar,8,766523,19,44367,17,3171222,4,8,8,29,4
HSP01,1,gustar,13,541858,14,105221,16,5436043,7,10,13,45,0
HSP02,2,gustar,13,541858,14,105221,16,5436043,7,12,13,38,0
HSP03,3,gustar,13,541858,14,105221,16,5436043,7,21,22,40,3
HSP04,4,gustar,13,541858,14,105221,16,5436043,8,15,16,40,0
HSP05,5,gustar,13,541858,14,105221,16,5436043,5,15,12,40,0
HSP06,6,gustar,13,541858,14,105221,16,5436043,9,20,20,49,0
HSP07,7,gustar,13,541858,14,105221,16,5436043,9,11,12,39,7
HSP08,8,gustar,13,541858,14,105221,16,5436043,3,13,11,41,5
HSP09,9,gustar,13,541858,14,105221,16,5436043,8,12,11,30,0
HSP10,10,gustar,13,541858,14,105221,16,5436043,9,16,16,43,4
HSP11,11,gustar,13,541858,14,105221,16,5436043,8,13,13,34,3
HSP12,12,gustar,13,541858,14,105221,16,5436043,9,19,19,42,7
HSP13,13,gustar,13,541858,14,105221,16,5436043,6,19,19,42,0
HSP14,14,gustar,13,541858,14,105221,16,5436043,4,13,16,28,0
HSP15,15,gustar,13,541858,14,105221,16,5436043,6,11,11,37,0
HSP16,16,gustar,13,541858,14,105221,16,5436043,9,18,17,31,3
HSP17,17,gustar,13,541858,14,105221,16,5436043,5,15,15,45,4
HSP18,18,gustar,13,541858,14,105221,16,5436043,8,16,16,44,4
HSP19,19,gustar,13,541858,14,105221,16,5436043,4,16,20,30,0
HSP20,20,gustar,13,541858,14,105221,16,5436043,4,7,6,42,4
HSP21,21,gustar,13,541858,14,105221,16,5436043,9,12,15,42,0
HSP22,22,gustar,13,541858,14,105221,16,5436043,5,5,6,32,4
HSP23,23,gustar,13,541858,14,105221,16,5436043,4,19,20,42,4
HSP24,24,gustar,13,541858,14,105221,16,5436043,5,16,16,48,5
HSP25,25,gustar,13,541858,14,105221,16,5436043,8,15,15,42,3
HSP27,27,gustar,13,541858,14,105221,16,5436043,9,16,14,35,0
HSP28,28,gustar,13,541858,14,105221,16,5436043,6,8,9,39,3
HSP29,29,gustar,13,541858,14,105221,16,5436043,8,14,16,25,2
HSP30,30,gustar,13,541858,14,105221,16,5436043,7,14,16,25,2
HSP31,31,gustar,13,541858,14,105221,16,5436043,9,12,11,41,4
HSP32,32,gustar,13,541858,14,105221,16,5436043,4,13,13,43,3
HSP33,33,gustar,13,541858,14,105221,16,5436043,5,15,15,43,0
HSP34,34,gustar,13,541858,14,105221,16,5436043,6,7,7,42,8
HSP35,35,gustar,13,541858,14,105221,16,5436043,9,17,17,37,0
HSP36,36,gustar,13,541858,14,105221,16,5436043,2,9,11,45,0
HSP41,41,gustar,13,541858,14,105221,16,5436043,3,6,7,39,0
HSP42,42,gustar,13,541858,14,105221,16,5436043,4,13,13,29,3
HSP45,45,gustar,13,541858,14,105221,16,5436043,6,14,14,44,4
HSP46,46,gustar,13,541858,14,105221,16,5436043,8,15,15,35,3
HSP47,47,gustar,13,541858,14,105221,16,5436043,7,14,11,34,0
HSP48,48,gustar,13,541858,14,105221,16,5436043,3,11,11,34,4
HSP49,49,gustar,13,541858,14,105221,16,5436043,8,19,18,49,4
HSP50,50,gustar,13,541858,14,105221,16,5436043,7,12,14,44,4
HSP51,51,gustar,13,541858,14,105221,16,5436043,5,13,13,38,0
HSP52,52,gustar,13,541858,14,105221,16,5436043,7,13,12,43,0
HSP53,53,gustar,13,541858,14,105221,16,5436043,9,21,21,43,5
HSP54,54,gustar,13,541858,14,105221,16,5436043,9,20,20,42,8
HSP55,55,gustar,13,541858,14,105221,16,5436043,9,21,22,43,4
HSP56,56,gustar,13,541858,14,105221,16,5436043,5,12,12,31,0
HSP57,57,gustar,13,541858,14,105221,16,5436043,8,12,15,38,5
HSP58,58,gustar,13,541858,14,105221,16,5436043,5,18,20,35,1
HSP59,59,gustar,13,541858,14,105221,16,5436043,9,16,18,48,0
HSP61,61,gustar,13,541858,14,105221,16,5436043,9,8,8,29,4
HSP01,1,pedir,16,432187,13,129532,15,5745291,2,10,13,45,0
HSP02,2,pedir,16,432187,13,129532,15,5745291,6,12,13,38,0
HSP03,3,pedir,16,432187,13,129532,15,5745291,6,21,22,40,3
HSP04,4,pedir,16,432187,13,129532,15,5745291,7,15,16,40,0
HSP05,5,pedir,16,432187,13,129532,15,5745291,5,15,12,40,0
HSP06,6,pedir,16,432187,13,129532,15,5745291,8,20,20,49,0
HSP07,7,pedir,16,432187,13,129532,15,5745291,8,11,12,39,7
HSP08,8,pedir,16,432187,13,129532,15,5745291,2,13,11,41,5
HSP09,9,pedir,16,432187,13,129532,15,5745291,4,12,11,30,0
HSP10,10,pedir,16,432187,13,129532,15,5745291,9,16,16,43,4
HSP11,11,pedir,16,432187,13,129532,15,5745291,9,13,13,34,3
HSP12,12,pedir,16,432187,13,129532,15,5745291,9,19,19,42,7
HSP13,13,pedir,16,432187,13,129532,15,5745291,4,19,19,42,0
HSP14,14,pedir,16,432187,13,129532,15,5745291,2,13,16,28,0
HSP15,15,pedir,16,432187,13,129532,15,5745291,0,11,11,37,0
HSP16,16,pedir,16,432187,13,129532,15,5745291,9,18,17,31,3
HSP17,17,pedir,16,432187,13,129532,15,5745291,4,15,15,45,4
HSP18,18,pedir,16,432187,13,129532,15,5745291,4,16,16,44,4
HSP19,19,pedir,16,432187,13,129532,15,5745291,4,16,20,30,0
HSP20,20,pedir,16,432187,13,129532,15,5745291,3,7,6,42,4
HSP21,21,pedir,16,432187,13,129532,15,5745291,6,12,15,42,0
HSP22,22,pedir,16,432187,13,129532,15,5745291,5,5,6,32,4
HSP23,23,pedir,16,432187,13,129532,15,5745291,3,19,20,42,4
HSP24,24,pedir,16,432187,13,129532,15,5745291,4,16,16,48,5
HSP25,25,pedir,16,432187,13,129532,15,5745291,5,15,15,42,3
HSP27,27,pedir,16,432187,13,129532,15,5745291,9,16,14,35,0
HSP28,28,pedir,16,432187,13,129532,15,5745291,6,8,9,39,3
HSP29,29,pedir,16,432187,13,129532,15,5745291,7,14,16,25,2
HSP30,30,pedir,16,432187,13,129532,15,5745291,4,14,16,25,2
HSP31,31,pedir,16,432187,13,129532,15,5745291,9,12,11,41,4
HSP32,32,pedir,16,432187,13,129532,15,5745291,5,13,13,43,3
HSP33,33,pedir,16,432187,13,129532,15,5745291,6,15,15,43,0
HSP34,34,pedir,16,432187,13,129532,15,5745291,7,7,7,42,8
HSP35,35,pedir,16,432187,13,129532,15,5745291,8,17,17,37,0
HSP36,36,pedir,16,432187,13,129532,15,5745291,3,9,11,45,0
HSP41,41,pedir,16,432187,13,129532,15,5745291,3,6,7,39,0
HSP42,42,pedir,16,432187,13,129532,15,5745291,4,13,13,29,3
HSP45,45,pedir,16,432187,13,129532,15,5745291,4,14,14,44,4
HSP46,46,pedir,16,432187,13,129532,15,5745291,6,15,15,35,3
HSP47,47,pedir,16,432187,13,129532,15,5745291,7,14,11,34,0
HSP48,48,pedir,16,432187,13,129532,15,5745291,4,11,11,34,4
HSP49,49,pedir,16,432187,13,129532,15,5745291,8,19,18,49,4
HSP50,50,pedir,16,432187,13,129532,15,5745291,6,12,14,44,4
HSP51,51,pedir,16,432187,13,129532,15,5745291,8,13,13,38,0
HSP52,52,pedir,16,432187,13,129532,15,5745291,4,13,12,43,0
HSP53,53,pedir,16,432187,13,129532,15,5745291,6,21,21,43,5
HSP54,54,pedir,16,432187,13,129532,15,5745291,9,20,20,42,8
HSP55,55,pedir,16,432187,13,129532,15,5745291,9,21,22,43,4
HSP56,56,pedir,16,432187,13,129532,15,5745291,7,12,12,31,0
HSP57,57,pedir,16,432187,13,129532,15,5745291,5,12,15,38,5
HSP58,58,pedir,16,432187,13,129532,15,5745291,7,18,20,35,1
HSP59,59,pedir,16,432187,13,129532,15,5745291,9,16,18,48,0
HSP61,61,pedir,16,432187,13,129532,15,5745291,9,8,8,29,4
HSP01,1,conseguir,19,129144,16,93382,14,5927320,3,10,13,45,0
HSP02,2,conseguir,19,129144,16,93382,14,5927320,6,12,13,38,0
HSP03,3,conseguir,19,129144,16,93382,14,5927320,6,21,22,40,3
HSP04,4,conseguir,19,129144,16,93382,14,5927320,6,15,16,40,0
HSP05,5,conseguir,19,129144,16,93382,14,5927320,1,15,12,40,0
HSP06,6,conseguir,19,129144,16,93382,14,5927320,4,20,20,49,0
HSP07,7,conseguir,19,129144,16,93382,14,5927320,6,11,12,39,7
HSP08,8,conseguir,19,129144,16,93382,14,5927320,2,13,11,41,5
HSP09,9,conseguir,19,129144,16,93382,14,5927320,3,12,11,30,0
HSP10,10,conseguir,19,129144,16,93382,14,5927320,9,16,16,43,4
HSP11,11,conseguir,19,129144,16,93382,14,5927320,9,13,13,34,3
HSP12,12,conseguir,19,129144,16,93382,14,5927320,8,19,19,42,7
HSP13,13,conseguir,19,129144,16,93382,14,5927320,6,19,19,42,0
HSP14,14,conseguir,19,129144,16,93382,14,5927320,4,13,16,28,0
HSP15,15,conseguir,19,129144,16,93382,14,5927320,3,11,11,37,0
HSP16,16,conseguir,19,129144,16,93382,14,5927320,9,18,17,31,3
HSP17,17,conseguir,19,129144,16,93382,14,5927320,5,15,15,45,4
HSP18,18,conseguir,19,129144,16,93382,14,5927320,4,16,16,44,4
HSP19,19,conseguir,19,129144,16,93382,14,5927320,5,16,20,30,0
HSP20,20,conseguir,19,129144,16,93382,14,5927320,4,7,6,42,4
HSP21,21,conseguir,19,129144,16,93382,14,5927320,7,12,15,42,0
HSP22,22,conseguir,19,129144,16,93382,14,5927320,5,5,6,32,4
HSP23,23,conseguir,19,129144,16,93382,14,5927320,2,19,20,42,4
HSP24,24,conseguir,19,129144,16,93382,14,5927320,6,16,16,48,5
HSP25,25,conseguir,19,129144,16,93382,14,5927320,5,15,15,42,3
HSP27,27,conseguir,19,129144,16,93382,14,5927320,9,16,14,35,0
HSP28,28,conseguir,19,129144,16,93382,14,5927320,4,8,9,39,3
HSP29,29,conseguir,19,129144,16,93382,14,5927320,7,14,16,25,2
HSP30,30,conseguir,19,129144,16,93382,14,5927320,7,14,16,25,2
HSP31,31,conseguir,19,129144,16,93382,14,5927320,9,12,11,41,4
HSP32,32,conseguir,19,129144,16,93382,14,5927320,5,13,13,43,3
HSP33,33,conseguir,19,129144,16,93382,14,5927320,5,15,15,43,0
HSP34,34,conseguir,19,129144,16,93382,14,5927320,6,7,7,42,8
HSP35,35,conseguir,19,129144,16,93382,14,5927320,9,17,17,37,0
HSP36,36,conseguir,19,129144,16,93382,14,5927320,4,9,11,45,0
HSP41,41,conseguir,19,129144,16,93382,14,5927320,2,6,7,39,0
HSP42,42,conseguir,19,129144,16,93382,14,5927320,4,13,13,29,3
HSP45,45,conseguir,19,129144,16,93382,14,5927320,5,14,14,44,4
HSP46,46,conseguir,19,129144,16,93382,14,5927320,7,15,15,35,3
HSP47,47,conseguir,19,129144,16,93382,14,5927320,5,14,11,34,0
HSP48,48,conseguir,19,129144,16,93382,14,5927320,4,11,11,34,4
HSP49,49,conseguir,19,129144,16,93382,14,5927320,8,19,18,49,4
HSP50,50,conseguir,19,129144,16,93382,14,5927320,5,12,14,44,4
HSP51,51,conseguir,19,129144,16,93382,14,5927320,5,13,13,38,0
HSP52,52,conseguir,19,129144,16,93382,14,5927320,4,13,12,43,0
HSP53,53,conseguir,19,129144,16,93382,14,5927320,4,21,21,43,5
HSP54,54,conseguir,19,129144,16,93382,14,5927320,8,20,20,42,8
HSP55,55,conseguir,19,129144,16,93382,14,5927320,5,21,22,43,4
HSP56,56,conseguir,19,129144,16,93382,14,5927320,5,12,12,31,0
HSP57,57,conseguir,19,129144,16,93382,14,5927320,4,12,15,38,5
HSP58,58,conseguir,19,129144,16,93382,14,5927320,5,18,20,35,1
HSP59,59,conseguir,19,129144,16,93382,14,5927320,9,16,18,48,0
HSP61,61,conseguir,19,129144,16,93382,14,5927320,5,8,8,29,4
HSP01,1,necesitar,11,593469,15,99902,13,6284798,6,10,13,45,0
HSP02,2,necesitar,11,593469,15,99902,13,6284798,6,12,13,38,0
HSP03,3,necesitar,11,593469,15,99902,13,6284798,7,21,22,40,3
HSP04,4,necesitar,11,593469,15,99902,13,6284798,7,15,16,40,0
HSP05,5,necesitar,11,593469,15,99902,13,6284798,5,15,12,40,0
HSP06,6,necesitar,11,593469,15,99902,13,6284798,8,20,20,49,0
HSP07,7,necesitar,11,593469,15,99902,13,6284798,8,11,12,39,7
HSP08,8,necesitar,11,593469,15,99902,13,6284798,3,13,11,41,5
HSP09,9,necesitar,11,593469,15,99902,13,6284798,6,12,11,30,0
HSP10,10,necesitar,11,593469,15,99902,13,6284798,9,16,16,43,4
HSP11,11,necesitar,11,593469,15,99902,13,6284798,9,13,13,34,3
HSP12,12,necesitar,11,593469,15,99902,13,6284798,9,19,19,42,7
HSP13,13,necesitar,11,593469,15,99902,13,6284798,7,19,19,42,0
HSP14,14,necesitar,11,593469,15,99902,13,6284798,5,13,16,28,0
HSP15,15,necesitar,11,593469,15,99902,13,6284798,4,11,11,37,0
HSP16,16,necesitar,11,593469,15,99902,13,6284798,9,18,17,31,3
HSP17,17,necesitar,11,593469,15,99902,13,6284798,5,15,15,45,4
HSP18,18,necesitar,11,593469,15,99902,13,6284798,5,16,16,44,4
HSP19,19,necesitar,11,593469,15,99902,13,6284798,4,16,20,30,0
HSP20,20,necesitar,11,593469,15,99902,13,6284798,5,7,6,42,4
HSP21,21,necesitar,11,593469,15,99902,13,6284798,8,12,15,42,0
HSP22,22,necesitar,11,593469,15,99902,13,6284798,5,5,6,32,4
HSP23,23,necesitar,11,593469,15,99902,13,6284798,3,19,20,42,4
HSP24,24,necesitar,11,593469,15,99902,13,6284798,5,16,16,48,5
HSP25,25,necesitar,11,593469,15,99902,13,6284798,7,15,15,42,3
HSP27,27,necesitar,11,593469,15,99902,13,6284798,9,16,14,35,0
HSP28,28,necesitar,11,593469,15,99902,13,6284798,6,8,9,39,3
HSP29,29,necesitar,11,593469,15,99902,13,6284798,5,14,16,25,2
HSP30,30,necesitar,11,593469,15,99902,13,6284798,4,14,16,25,2
HSP31,31,necesitar,11,593469,15,99902,13,6284798,9,12,11,41,4
HSP32,32,necesitar,11,593469,15,99902,13,6284798,5,13,13,43,3
HSP33,33,necesitar,11,593469,15,99902,13,6284798,6,15,15,43,0
HSP34,34,necesitar,11,593469,15,99902,13,6284798,7,7,7,42,8
HSP35,35,necesitar,11,593469,15,99902,13,6284798,8,17,17,37,0
HSP36,36,necesitar,11,593469,15,99902,13,6284798,2,9,11,45,0
HSP41,41,necesitar,11,593469,15,99902,13,6284798,7,6,7,39,0
HSP42,42,necesitar,11,593469,15,99902,13,6284798,4,13,13,29,3
HSP45,45,necesitar,11,593469,15,99902,13,6284798,4,14,14,44,4
HSP46,46,necesitar,11,593469,15,99902,13,6284798,7,15,15,35,3
HSP47,47,necesitar,11,593469,15,99902,13,6284798,7,14,11,34,0
HSP48,48,necesitar,11,593469,15,99902,13,6284798,5,11,11,34,4
HSP49,49,necesitar,11,593469,15,99902,13,6284798,8,19,18,49,4
HSP50,50,necesitar,11,593469,15,99902,13,6284798,7,12,14,44,4
HSP51,51,necesitar,11,593469,15,99902,13,6284798,4,13,13,38,0
HSP52,52,necesitar,11,593469,15,99902,13,6284798,5,13,12,43,0
HSP53,53,necesitar,11,593469,15,99902,13,6284798,9,21,21,43,5
HSP54,54,necesitar,11,593469,15,99902,13,6284798,9,20,20,42,8
HSP55,55,necesitar,11,593469,15,99902,13,6284798,9,21,22,43,4
HSP56,56,necesitar,11,593469,15,99902,13,6284798,6,12,12,31,0
HSP57,57,necesitar,11,593469,15,99902,13,6284798,7,12,15,38,5
HSP58,58,necesitar,11,593469,15,99902,13,6284798,4,18,20,35,1
HSP59,59,necesitar,11,593469,15,99902,13,6284798,9,16,18,48,0
HSP61,61,necesitar,11,593469,15,99902,13,6284798,9,8,8,29,4
HSP01,1,vivir,10,599425,11,177391,12,6933950,5,10,13,45,0
HSP02,2,vivir,10,599425,11,177391,12,6933950,4,12,13,38,0
HSP03,3,vivir,10,599425,11,177391,12,6933950,6,21,22,40,3
HSP04,4,vivir,10,599425,11,177391,12,6933950,8,15,16,40,0
HSP05,5,vivir,10,599425,11,177391,12,6933950,3,15,12,40,0
HSP06,6,vivir,10,599425,11,177391,12,6933950,6,20,20,49,0
HSP07,7,vivir,10,599425,11,177391,12,6933950,8,11,12,39,7
HSP08,8,vivir,10,599425,11,177391,12,6933950,1,13,11,41,5
HSP09,9,vivir,10,599425,11,177391,12,6933950,8,12,11,30,0
HSP10,10,vivir,10,599425,11,177391,12,6933950,7,16,16,43,4
HSP11,11,vivir,10,599425,11,177391,12,6933950,9,13,13,34,3
HSP12,12,vivir,10,599425,11,177391,12,6933950,6,19,19,42,7
HSP13,13,vivir,10,599425,11,177391,12,6933950,5,19,19,42,0
HSP14,14,vivir,10,599425,11,177391,12,6933950,5,13,16,28,0
HSP15,15,vivir,10,599425,11,177391,12,6933950,2,11,11,37,0
HSP16,16,vivir,10,599425,11,177391,12,6933950,9,18,17,31,3
HSP17,17,vivir,10,599425,11,177391,12,6933950,2,15,15,45,4
HSP18,18,vivir,10,599425,11,177391,12,6933950,4,16,16,44,4
HSP19,19,vivir,10,599425,11,177391,12,6933950,4,16,20,30,0
HSP20,20,vivir,10,599425,11,177391,12,6933950,3,7,6,42,4
HSP21,21,vivir,10,599425,11,177391,12,6933950,4,12,15,42,0
HSP22,22,vivir,10,599425,11,177391,12,6933950,5,5,6,32,4
HSP23,23,vivir,10,599425,11,177391,12,6933950,4,19,20,42,4
HSP24,24,vivir,10,599425,11,177391,12,6933950,3,16,16,48,5
HSP25,25,vivir,10,599425,11,177391,12,6933950,7,15,15,42,3
HSP27,27,vivir,10,599425,11,177391,12,6933950,9,16,14,35,0
HSP28,28,vivir,10,599425,11,177391,12,6933950,5,8,9,39,3
HSP29,29,vivir,10,599425,11,177391,12,6933950,4,14,16,25,2
HSP30,30,vivir,10,599425,11,177391,12,6933950,5,14,16,25,2
HSP31,31,vivir,10,599425,11,177391,12,6933950,9,12,11,41,4
HSP32,32,vivir,10,599425,11,177391,12,6933950,5,13,13,43,3
HSP33,33,vivir,10,599425,11,177391,12,6933950,2,15,15,43,0
HSP34,34,vivir,10,599425,11,177391,12,6933950,7,7,7,42,8
HSP35,35,vivir,10,599425,11,177391,12,6933950,7,17,17,37,0
HSP36,36,vivir,10,599425,11,177391,12,6933950,1,9,11,45,0
HSP41,41,vivir,10,599425,11,177391,12,6933950,4,6,7,39,0
HSP42,42,vivir,10,599425,11,177391,12,6933950,4,13,13,29,3
HSP45,45,vivir,10,599425,11,177391,12,6933950,2,14,14,44,4
HSP46,46,vivir,10,599425,11,177391,12,6933950,7,15,15,35,3
HSP47,47,vivir,10,599425,11,177391,12,6933950,6,14,11,34,0
HSP48,48,vivir,10,599425,11,177391,12,6933950,2,11,11,34,4
HSP49,49,vivir,10,599425,11,177391,12,6933950,8,19,18,49,4
HSP50,50,vivir,10,599425,11,177391,12,6933950,5,12,14,44,4
HSP51,51,vivir,10,599425,11,177391,12,6933950,7,13,13,38,0
HSP52,52,vivir,10,599425,11,177391,12,6933950,4,13,12,43,0
HSP53,53,vivir,10,599425,11,177391,12,6933950,4,21,21,43,5
HSP54,54,vivir,10,599425,11,177391,12,6933950,8,20,20,42,8
HSP55,55,vivir,10,599425,11,177391,12,6933950,9,21,22,43,4
HSP56,56,vivir,10,599425,11,177391,12,6933950,6,12,12,31,0
HSP57,57,vivir,10,599425,11,177391,12,6933950,8,12,15,38,5
HSP58,58,vivir,10,599425,11,177391,12,6933950,8,18,20,35,1
HSP59,59,vivir,10,599425,11,177391,12,6933950,9,16,18,48,0
HSP61,61,vivir,10,599425,11,177391,12,6933950,9,8,8,29,4
HSP01,1,esperar,4,1409514,12,171091,11,7842036,5,10,13,45,0
HSP02,2,esperar,4,1409514,12,171091,11,7842036,7,12,13,38,0
HSP03,3,esperar,4,1409514,12,171091,11,7842036,6,21,22,40,3
HSP04,4,esperar,4,1409514,12,171091,11,7842036,6,15,16,40,0
HSP05,5,esperar,4,1409514,12,171091,11,7842036,2,15,12,40,0
HSP06,6,esperar,4,1409514,12,171091,11,7842036,8,20,20,49,0
HSP07,7,esperar,4,1409514,12,171091,11,7842036,7,11,12,39,7
HSP08,8,esperar,4,1409514,12,171091,11,7842036,1,13,11,41,5
HSP09,9,esperar,4,1409514,12,171091,11,7842036,5,12,11,30,0
HSP10,10,esperar,4,1409514,12,171091,11,7842036,9,16,16,43,4
HSP11,11,esperar,4,1409514,12,171091,11,7842036,9,13,13,34,3
HSP12,12,esperar,4,1409514,12,171091,11,7842036,7,19,19,42,7
HSP13,13,esperar,4,1409514,12,171091,11,7842036,5,19,19,42,0
HSP14,14,esperar,4,1409514,12,171091,11,7842036,5,13,16,28,0
HSP15,15,esperar,4,1409514,12,171091,11,7842036,5,11,11,37,0
HSP16,16,esperar,4,1409514,12,171091,11,7842036,9,18,17,31,3
HSP17,17,esperar,4,1409514,12,171091,11,7842036,6,15,15,45,4
HSP18,18,esperar,4,1409514,12,171091,11,7842036,6,16,16,44,4
HSP19,19,esperar,4,1409514,12,171091,11,7842036,4,16,20,30,0
HSP20,20,esperar,4,1409514,12,171091,11,7842036,5,7,6,42,4
HSP21,21,esperar,4,1409514,12,171091,11,7842036,6,12,15,42,0
HSP22,22,esperar,4,1409514,12,171091,11,7842036,5,5,6,32,4
HSP23,23,esperar,4,1409514,12,171091,11,7842036,3,19,20,42,4
HSP24,24,esperar,4,1409514,12,171091,11,7842036,4,16,16,48,5
HSP25,25,esperar,4,1409514,12,171091,11,7842036,6,15,15,42,3
HSP27,27,esperar,4,1409514,12,171091,11,7842036,9,16,14,35,0
HSP28,28,esperar,4,1409514,12,171091,11,7842036,5,8,9,39,3
HSP29,29,esperar,4,1409514,12,171091,11,7842036,7,14,16,25,2
HSP30,30,esperar,4,1409514,12,171091,11,7842036,6,14,16,25,2
HSP31,31,esperar,4,1409514,12,171091,11,7842036,9,12,11,41,4
HSP32,32,esperar,4,1409514,12,171091,11,7842036,3,13,13,43,3
HSP33,33,esperar,4,1409514,12,171091,11,7842036,4,15,15,43,0
HSP34,34,esperar,4,1409514,12,171091,11,7842036,7,7,7,42,8
HSP35,35,esperar,4,1409514,12,171091,11,7842036,9,17,17,37,0
HSP36,36,esperar,4,1409514,12,171091,11,7842036,3,9,11,45,0
HSP41,41,esperar,4,1409514,12,171091,11,7842036,4,6,7,39,0
HSP42,42,esperar,4,1409514,12,171091,11,7842036,4,13,13,29,3
HSP45,45,esperar,4,1409514,12,171091,11,7842036,5,14,14,44,4
HSP46,46,esperar,4,1409514,12,171091,11,7842036,6,15,15,35,3
HSP47,47,esperar,4,1409514,12,171091,11,7842036,6,14,11,34,0
HSP48,48,esperar,4,1409514,12,171091,11,7842036,4,11,11,34,4
HSP49,49,esperar,4,1409514,12,171091,11,7842036,6,19,18,49,4
HSP50,50,esperar,4,1409514,12,171091,11,7842036,6,12,14,44,4
HSP51,51,esperar,4,1409514,12,171091,11,7842036,5,13,13,38,0
HSP52,52,esperar,4,1409514,12,171091,11,7842036,4,13,12,43,0
HSP53,53,esperar,4,1409514,12,171091,11,7842036,6,21,21,43,5
HSP54,54,esperar,4,1409514,12,171091,11,7842036,7,20,20,42,8
HSP55,55,esperar,4,1409514,12,171091,11,7842036,9,21,22,43,4
HSP56,56,esperar,4,1409514,12,171091,11,7842036,5,12,12,31,0
HSP57,57,esperar,4,1409514,12,171091,11,7842036,7,12,15,38,5
HSP58,58,esperar,4,1409514,12,171091,11,7842036,6,18,20,35,1
HSP59,59,esperar,4,1409514,12,171091,11,7842036,9,16,18,48,0
HSP61,61,esperar,4,1409514,12,171091,11,7842036,9,8,8,29,4
HSP01,1,tomar,15,506707,7,212199,10,8845084,3,10,13,45,0
HSP02,2,tomar,15,506707,7,212199,10,8845084,5,12,13,38,0
HSP03,3,tomar,15,506707,7,212199,10,8845084,6,21,22,40,3
HSP04,4,tomar,15,506707,7,212199,10,8845084,7,15,16,40,0
HSP05,5,tomar,15,506707,7,212199,10,8845084,2,15,12,40,0
HSP06,6,tomar,15,506707,7,212199,10,8845084,8,20,20,49,0
HSP07,7,tomar,15,506707,7,212199,10,8845084,8,11,12,39,7
HSP08,8,tomar,15,506707,7,212199,10,8845084,2,13,11,41,5
HSP09,9,tomar,15,506707,7,212199,10,8845084,8,12,11,30,0
HSP10,10,tomar,15,506707,7,212199,10,8845084,9,16,16,43,4
HSP11,11,tomar,15,506707,7,212199,10,8845084,3,13,13,34,3
HSP12,12,tomar,15,506707,7,212199,10,8845084,6,19,19,42,7
HSP13,13,tomar,15,506707,7,212199,10,8845084,6,19,19,42,0
HSP14,14,tomar,15,506707,7,212199,10,8845084,6,13,16,28,0
HSP15,15,tomar,15,506707,7,212199,10,8845084,1,11,11,37,0
HSP16,16,tomar,15,506707,7,212199,10,8845084,9,18,17,31,3
HSP17,17,tomar,15,506707,7,212199,10,8845084,8,15,15,45,4
HSP18,18,tomar,15,506707,7,212199,10,8845084,6,16,16,44,4
HSP19,19,tomar,15,506707,7,212199,10,8845084,4,16,20,30,0
HSP20,20,tomar,15,506707,7,212199,10,8845084,5,7,6,42,4
HSP21,21,tomar,15,506707,7,212199,10,8845084,9,12,15,42,0
HSP22,22,tomar,15,506707,7,212199,10,8845084,7,5,6,32,4
HSP23,23,tomar,15,506707,7,212199,10,8845084,3,19,20,42,4
HSP24,24,tomar,15,506707,7,212199,10,8845084,5,16,16,48,5
HSP25,25,tomar,15,506707,7,212199,10,8845084,8,15,15,42,3
HSP27,27,tomar,15,506707,7,212199,10,8845084,9,16,14,35,0
HSP28,28,tomar,15,506707,7,212199,10,8845084,7,8,9,39,3
HSP29,29,tomar,15,506707,7,212199,10,8845084,7,14,16,25,2
HSP30,30,tomar,15,506707,7,212199,10,8845084,5,14,16,25,2
HSP31,31,tomar,15,506707,7,212199,10,8845084,9,12,11,41,4
HSP32,32,tomar,15,506707,7,212199,10,8845084,6,13,13,43,3
HSP33,33,tomar,15,506707,7,212199,10,8845084,8,15,15,43,0
HSP34,34,tomar,15,506707,7,212199,10,8845084,8,7,7,42,8
HSP35,35,tomar,15,506707,7,212199,10,8845084,9,17,17,37,0
HSP36,36,tomar,15,506707,7,212199,10,8845084,3,9,11,45,0
HSP41,41,tomar,15,506707,7,212199,10,8845084,3,6,7,39,0
HSP42,42,tomar,15,506707,7,212199,10,8845084,4,13,13,29,3
HSP45,45,tomar,15,506707,7,212199,10,8845084,5,14,14,44,4
HSP46,46,tomar,15,506707,7,212199,10,8845084,8,15,15,35,3
HSP47,47,tomar,15,506707,7,212199,10,8845084,9,14,11,34,0
HSP48,48,tomar,15,506707,7,212199,10,8845084,4,11,11,34,4
HSP49,49,tomar,15,506707,7,212199,10,8845084,8,19,18,49,4
HSP50,50,tomar,15,506707,7,212199,10,8845084,6,12,14,44,4
HSP51,51,tomar,15,506707,7,212199,10,8845084,8,13,13,38,0
HSP52,52,tomar,15,506707,7,212199,10,8845084,3,13,12,43,0
HSP53,53,tomar,15,506707,7,212199,10,8845084,9,21,21,43,5
HSP54,54,tomar,15,506707,7,212199,10,8845084,7,20,20,42,8
HSP55,55,tomar,15,506707,7,212199,10,8845084,9,21,22,43,4
HSP56,56,tomar,15,506707,7,212199,10,8845084,6,12,12,31,0
HSP57,57,tomar,15,506707,7,212199,10,8845084,7,12,15,38,5
HSP58,58,tomar,15,506707,7,212199,10,8845084,8,18,20,35,1
HSP59,59,tomar,15,506707,7,212199,10,8845084,7,16,18,48,0
HSP61,61,tomar,15,506707,7,212199,10,8845084,9,8,8,29,4
HSP01,1,tratar,12,590952,9,203025,9,9516595,6,10,13,45,0
HSP02,2,tratar,12,590952,9,203025,9,9516595,5,12,13,38,0
HSP03,3,tratar,12,590952,9,203025,9,9516595,7,21,22,40,3
HSP04,4,tratar,12,590952,9,203025,9,9516595,7,15,16,40,0
HSP05,5,tratar,12,590952,9,203025,9,9516595,1,15,12,40,0
HSP06,6,tratar,12,590952,9,203025,9,9516595,6,20,20,49,0
HSP07,7,tratar,12,590952,9,203025,9,9516595,7,11,12,39,7
HSP08,8,tratar,12,590952,9,203025,9,9516595,1,13,11,41,5
HSP09,9,tratar,12,590952,9,203025,9,9516595,4,12,11,30,0
HSP10,10,tratar,12,590952,9,203025,9,9516595,9,16,16,43,4
HSP11,11,tratar,12,590952,9,203025,9,9516595,9,13,13,34,3
HSP12,12,tratar,12,590952,9,203025,9,9516595,6,19,19,42,7
HSP13,13,tratar,12,590952,9,203025,9,9516595,7,19,19,42,0
HSP14,14,tratar,12,590952,9,203025,9,9516595,6,13,16,28,0
HSP15,15,tratar,12,590952,9,203025,9,9516595,1,11,11,37,0
HSP16,16,tratar,12,590952,9,203025,9,9516595,9,18,17,31,3
HSP17,17,tratar,12,590952,9,203025,9,9516595,4,15,15,45,4
HSP18,18,tratar,12,590952,9,203025,9,9516595,4,16,16,44,4
HSP19,19,tratar,12,590952,9,203025,9,9516595,4,16,20,30,0
HSP20,20,tratar,12,590952,9,203025,9,9516595,5,7,6,42,4
HSP21,21,tratar,12,590952,9,203025,9,9516595,6,12,15,42,0
HSP22,22,tratar,12,590952,9,203025,9,9516595,5,5,6,32,4
HSP23,23,tratar,12,590952,9,203025,9,9516595,2,19,20,42,4
HSP24,24,tratar,12,590952,9,203025,9,9516595,5,16,16,48,5
HSP25,25,tratar,12,590952,9,203025,9,9516595,6,15,15,42,3
HSP27,27,tratar,12,590952,9,203025,9,9516595,9,16,14,35,0
HSP28,28,tratar,12,590952,9,203025,9,9516595,7,8,9,39,3
HSP29,29,tratar,12,590952,9,203025,9,9516595,8,14,16,25,2
HSP30,30,tratar,12,590952,9,203025,9,9516595,4,14,16,25,2
HSP31,31,tratar,12,590952,9,203025,9,9516595,9,12,11,41,4
HSP32,32,tratar,12,590952,9,203025,9,9516595,4,13,13,43,3
HSP33,33,tratar,12,590952,9,203025,9,9516595,4,15,15,43,0
HSP34,34,tratar,12,590952,9,203025,9,9516595,7,7,7,42,8
HSP35,35,tratar,12,590952,9,203025,9,9516595,8,17,17,37,0
HSP36,36,tratar,12,590952,9,203025,9,9516595,2,9,11,45,0
HSP41,41,tratar,12,590952,9,203025,9,9516595,2,6,7,39,0
HSP42,42,tratar,12,590952,9,203025,9,9516595,4,13,13,29,3
HSP45,45,tratar,12,590952,9,203025,9,9516595,5,14,14,44,4
HSP46,46,tratar,12,590952,9,203025,9,9516595,7,15,15,35,3
HSP47,47,tratar,12,590952,9,203025,9,9516595,8,14,11,34,0
HSP48,48,tratar,12,590952,9,203025,9,9516595,5,11,11,34,4
HSP49,49,tratar,12,590952,9,203025,9,9516595,5,19,18,49,4
HSP50,50,tratar,12,590952,9,203025,9,9516595,6,12,14,44,4
HSP51,51,tratar,12,590952,9,203025,9,9516595,5,13,13,38,0
HSP52,52,tratar,12,590952,9,203025,9,9516595,2,13,12,43,0
HSP53,53,tratar,12,590952,9,203025,9,9516595,6,21,21,43,5
HSP54,54,tratar,12,590952,9,203025,9,9516595,7,20,20,42,8
HSP55,55,tratar,12,590952,9,203025,9,9516595,8,21,22,43,4
HSP56,56,tratar,12,590952,9,203025,9,9516595,4,12,12,31,0
HSP57,57,tratar,12,590952,9,203025,9,9516595,7,12,15,38,5
HSP58,58,tratar,12,590952,9,203025,9,9516595,2,18,20,35,1
HSP59,59,tratar,12,590952,9,203025,9,9516595,8,16,18,48,0
HSP61,61,tratar,12,590952,9,203025,9,9516595,9,8,8,29,4
HSP01,1,creer,14,537246,8,208637,8,10072974,7,10,13,45,0
HSP02,2,creer,14,537246,8,208637,8,10072974,6,12,13,38,0
HSP03,3,creer,14,537246,8,208637,8,10072974,7,21,22,40,3
HSP04,4,creer,14,537246,8,208637,8,10072974,6,15,16,40,0
HSP05,5,creer,14,537246,8,208637,8,10072974,5,15,12,40,0
HSP06,6,creer,14,537246,8,208637,8,10072974,8,20,20,49,0
HSP07,7,creer,14,537246,8,208637,8,10072974,6,11,12,39,7
HSP08,8,creer,14,537246,8,208637,8,10072974,5,13,11,41,5
HSP09,9,creer,14,537246,8,208637,8,10072974,5,12,11,30,0
HSP10,10,creer,14,537246,8,208637,8,10072974,9,16,16,43,4
HSP11,11,creer,14,537246,8,208637,8,10072974,9,13,13,34,3
HSP12,12,creer,14,537246,8,208637,8,10072974,6,19,19,42,7
HSP13,13,creer,14,537246,8,208637,8,10072974,6,19,19,42,0
HSP14,14,creer,14,537246,8,208637,8,10072974,5,13,16,28,0
HSP15,15,creer,14,537246,8,208637,8,10072974,4,11,11,37,0
HSP16,16,creer,14,537246,8,208637,8,10072974,9,18,17,31,3
HSP17,17,creer,14,537246,8,208637,8,10072974,6,15,15,45,4
HSP18,18,creer,14,537246,8,208637,8,10072974,7,16,16,44,4
HSP19,19,creer,14,537246,8,208637,8,10072974,4,16,20,30,0
HSP20,20,creer,14,537246,8,208637,8,10072974,5,7,6,42,4
HSP21,21,creer,14,537246,8,208637,8,10072974,9,12,15,42,0
HSP22,22,creer,14,537246,8,208637,8,10072974,5,5,6,32,4
HSP23,23,creer,14,537246,8,208637,8,10072974,3,19,20,42,4
HSP24,24,creer,14,537246,8,208637,8,10072974,6,16,16,48,5
HSP25,25,creer,14,537246,8,208637,8,10072974,6,15,15,42,3
HSP27,27,creer,14,537246,8,208637,8,10072974,9,16,14,35,0
HSP28,28,creer,14,537246,8,208637,8,10072974,3,8,9,39,3
HSP29,29,creer,14,537246,8,208637,8,10072974,7,14,16,25,2
HSP30,30,creer,14,537246,8,208637,8,10072974,7,14,16,25,2
HSP31,31,creer,14,537246,8,208637,8,10072974,9,12,11,41,4
HSP32,32,creer,14,537246,8,208637,8,10072974,5,13,13,43,3
HSP33,33,creer,14,537246,8,208637,8,10072974,5,15,15,43,0
HSP34,34,creer,14,537246,8,208637,8,10072974,6,7,7,42,8
HSP35,35,creer,14,537246,8,208637,8,10072974,9,17,17,37,0
HSP36,36,creer,14,537246,8,208637,8,10072974,3,9,11,45,0
HSP41,41,creer,14,537246,8,208637,8,10072974,4,6,7,39,0
HSP42,42,creer,14,537246,8,208637,8,10072974,4,13,13,29,3
HSP45,45,creer,14,537246,8,208637,8,10072974,5,14,14,44,4
HSP46,46,creer,14,537246,8,208637,8,10072974,7,15,15,35,3
HSP47,47,creer,14,537246,8,208637,8,10072974,6,14,11,34,0
HSP48,48,creer,14,537246,8,208637,8,10072974,5,11,11,34,4
HSP49,49,creer,14,537246,8,208637,8,10072974,8,19,18,49,4
HSP50,50,creer,14,537246,8,208637,8,10072974,6,12,14,44,4
HSP51,51,creer,14,537246,8,208637,8,10072974,5,13,13,38,0
HSP52,52,creer,14,537246,8,208637,8,10072974,6,13,12,43,0
HSP53,53,creer,14,537246,8,208637,8,10072974,5,21,21,43,5
HSP54,54,creer,14,537246,8,208637,8,10072974,7,20,20,42,8
HSP55,55,creer,14,537246,8,208637,8,10072974,7,21,22,43,4
HSP56,56,creer,14,537246,8,208637,8,10072974,4,12,12,31,0
HSP57,57,creer,14,537246,8,208637,8,10072974,6,12,15,38,5
HSP58,58,creer,14,537246,8,208637,8,10072974,3,18,20,35,1
HSP59,59,creer,14,537246,8,208637,8,10072974,9,16,18,48,0
HSP61,61,creer,14,537246,8,208637,8,10072974,9,8,8,29,4
HSP01,1,permitir,7,935997,10,182416,7,10716645,4,10,13,45,0
HSP02,2,permitir,7,935997,10,182416,7,10716645,3,12,13,38,0
HSP03,3,permitir,7,935997,10,182416,7,10716645,6,21,22,40,3
HSP04,4,permitir,7,935997,10,182416,7,10716645,3,15,16,40,0
HSP05,5,permitir,7,935997,10,182416,7,10716645,1,15,12,40,0
HSP06,6,permitir,7,935997,10,182416,7,10716645,7,20,20,49,0
HSP07,7,permitir,7,935997,10,182416,7,10716645,6,11,12,39,7
HSP08,8,permitir,7,935997,10,182416,7,10716645,1,13,11,41,5
HSP09,9,permitir,7,935997,10,182416,7,10716645,3,12,11,30,0
HSP10,10,permitir,7,935997,10,182416,7,10716645,6,16,16,43,4
HSP11,11,permitir,7,935997,10,182416,7,10716645,9,13,13,34,3
HSP12,12,permitir,7,935997,10,182416,7,10716645,8,19,19,42,7
HSP13,13,permitir,7,935997,10,182416,7,10716645,4,19,19,42,0
HSP14,14,permitir,7,935997,10,182416,7,10716645,3,13,16,28,0
HSP15,15,permitir,7,935997,10,182416,7,10716645,0,11,11,37,0
HSP16,16,permitir,7,935997,10,182416,7,10716645,9,18,17,31,3
HSP17,17,permitir,7,935997,10,182416,7,10716645,3,15,15,45,4
HSP18,18,permitir,7,935997,10,182416,7,10716645,2,16,16,44,4
HSP19,19,permitir,7,935997,10,182416,7,10716645,4,16,20,30,0
HSP20,20,permitir,7,935997,10,182416,7,10716645,3,7,6,42,4
HSP21,21,permitir,7,935997,10,182416,7,10716645,6,12,15,42,0
HSP22,22,permitir,7,935997,10,182416,7,10716645,4,5,6,32,4
HSP23,23,permitir,7,935997,10,182416,7,10716645,2,19,20,42,4
HSP24,24,permitir,7,935997,10,182416,7,10716645,1,16,16,48,5
HSP25,25,permitir,7,935997,10,182416,7,10716645,4,15,15,42,3
HSP27,27,permitir,7,935997,10,182416,7,10716645,9,16,14,35,0
HSP28,28,permitir,7,935997,10,182416,7,10716645,4,8,9,39,3
HSP29,29,permitir,7,935997,10,182416,7,10716645,4,14,16,25,2
HSP30,30,permitir,7,935997,10,182416,7,10716645,6,14,16,25,2
HSP31,31,permitir,7,935997,10,182416,7,10716645,9,12,11,41,4
HSP32,32,permitir,7,935997,10,182416,7,10716645,1,13,13,43,3
HSP33,33,permitir,7,935997,10,182416,7,10716645,2,15,15,43,0
HSP34,34,permitir,7,935997,10,182416,7,10716645,7,7,7,42,8
HSP35,35,permitir,7,935997,10,182416,7,10716645,6,17,17,37,0
HSP36,36,permitir,7,935997,10,182416,7,10716645,2,9,11,45,0
HSP41,41,permitir,7,935997,10,182416,7,10716645,2,6,7,39,0
HSP42,42,permitir,7,935997,10,182416,7,10716645,4,13,13,29,3
HSP45,45,permitir,7,935997,10,182416,7,10716645,3,14,14,44,4
HSP46,46,permitir,7,935997,10,182416,7,10716645,5,15,15,35,3
HSP47,47,permitir,7,935997,10,182416,7,10716645,6,14,11,34,0
HSP48,48,permitir,7,935997,10,182416,7,10716645,3,11,11,34,4
HSP49,49,permitir,7,935997,10,182416,7,10716645,7,19,18,49,4
HSP50,50,permitir,7,935997,10,182416,7,10716645,4,12,14,44,4
HSP51,51,permitir,7,935997,10,182416,7,10716645,3,13,13,38,0
HSP52,52,permitir,7,935997,10,182416,7,10716645,3,13,12,43,0
HSP53,53,permitir,7,935997,10,182416,7,10716645,6,21,21,43,5
HSP54,54,permitir,7,935997,10,182416,7,10716645,6,20,20,42,8
HSP55,55,permitir,7,935997,10,182416,7,10716645,9,21,22,43,4
HSP56,56,permitir,7,935997,10,182416,7,10716645,2,12,12,31,0
HSP57,57,permitir,7,935997,10,182416,7,10716645,5,12,15,38,5
HSP58,58,permitir,7,935997,10,182416,7,10716645,3,18,20,35,1
HSP59,59,permitir,7,935997,10,182416,7,10716645,5,16,18,48,0
HSP61,61,permitir,7,935997,10,182416,7,10716645,8,8,8,29,4
HSP01,1,quedar,6,947469,6,282860,6,11001459,6,10,13,45,0
HSP02,2,quedar,6,947469,6,282860,6,11001459,3,12,13,38,0
HSP03,3,quedar,6,947469,6,282860,6,11001459,7,21,22,40,3
HSP04,4,quedar,6,947469,6,282860,6,11001459,7,15,16,40,0
HSP05,5,quedar,6,947469,6,282860,6,11001459,1,15,12,40,0
HSP06,6,quedar,6,947469,6,282860,6,11001459,8,20,20,49,0
HSP07,7,quedar,6,947469,6,282860,6,11001459,6,11,12,39,7
HSP08,8,quedar,6,947469,6,282860,6,11001459,2,13,11,41,5
HSP09,9,quedar,6,947469,6,282860,6,11001459,3,12,11,30,0
HSP10,10,quedar,6,947469,6,282860,6,11001459,9,16,16,43,4
HSP11,11,quedar,6,947469,6,282860,6,11001459,9,13,13,34,3
HSP12,12,quedar,6,947469,6,282860,6,11001459,9,19,19,42,7
HSP13,13,quedar,6,947469,6,282860,6,11001459,4,19,19,42,0
HSP14,14,quedar,6,947469,6,282860,6,11001459,3,13,16,28,0
HSP15,15,quedar,6,947469,6,282860,6,11001459,1,11,11,37,0
HSP16,16,quedar,6,947469,6,282860,6,11001459,9,18,17,31,3
HSP17,17,quedar,6,947469,6,282860,6,11001459,3,15,15,45,4
HSP18,18,quedar,6,947469,6,282860,6,11001459,5,16,16,44,4
HSP19,19,quedar,6,947469,6,282860,6,11001459,4,16,20,30,0
HSP20,20,quedar,6,947469,6,282860,6,11001459,3,7,6,42,4
HSP21,21,quedar,6,947469,6,282860,6,11001459,5,12,15,42,0
HSP22,22,quedar,6,947469,6,282860,6,11001459,3,5,6,32,4
HSP23,23,quedar,6,947469,6,282860,6,11001459,2,19,20,42,4
HSP24,24,quedar,6,947469,6,282860,6,11001459,,16,16,48,5
HSP25,25,quedar,6,947469,6,282860,6,11001459,6,15,15,42,3
HSP27,27,quedar,6,947469,6,282860,6,11001459,9,16,14,35,0
HSP28,28,quedar,6,947469,6,282860,6,11001459,6,8,9,39,3
HSP29,29,quedar,6,947469,6,282860,6,11001459,8,14,16,25,2
HSP30,30,quedar,6,947469,6,282860,6,11001459,6,14,16,25,2
HSP31,31,quedar,6,947469,6,282860,6,11001459,9,12,11,41,4
HSP32,32,quedar,6,947469,6,282860,6,11001459,4,13,13,43,3
HSP33,33,quedar,6,947469,6,282860,6,11001459,3,15,15,43,0
HSP34,34,quedar,6,947469,6,282860,6,11001459,6,7,7,42,8
HSP35,35,quedar,6,947469,6,282860,6,11001459,8,17,17,37,0
HSP36,36,quedar,6,947469,6,282860,6,11001459,2,9,11,45,0
HSP41,41,quedar,6,947469,6,282860,6,11001459,6,6,7,39,0
HSP42,42,quedar,6,947469,6,282860,6,11001459,4,13,13,29,3
HSP45,45,quedar,6,947469,6,282860,6,11001459,5,14,14,44,4
HSP46,46,quedar,6,947469,6,282860,6,11001459,5,15,15,35,3
HSP47,47,quedar,6,947469,6,282860,6,11001459,7,14,11,34,0
HSP48,48,quedar,6,947469,6,282860,6,11001459,3,11,11,34,4
HSP49,49,quedar,6,947469,6,282860,6,11001459,6,19,18,49,4
HSP50,50,quedar,6,947469,6,282860,6,11001459,7,12,14,44,4
HSP51,51,quedar,6,947469,6,282860,6,11001459,3,13,13,38,0
HSP52,52,quedar,6,947469,6,282860,6,11001459,5,13,12,43,0
HSP53,53,quedar,6,947469,6,282860,6,11001459,6,21,21,43,5
HSP54,54,quedar,6,947469,6,282860,6,11001459,6,20,20,42,8
HSP55,55,quedar,6,947469,6,282860,6,11001459,9,21,22,43,4
HSP56,56,quedar,6,947469,6,282860,6,11001459,4,12,12,31,0
HSP57,57,quedar,6,947469,6,282860,6,11001459,7,12,15,38,5
HSP58,58,quedar,6,947469,6,282860,6,11001459,4,18,20,35,1
HSP59,59,quedar,6,947469,6,282860,6,11001459,9,16,18,48,0
HSP61,61,quedar,6,947469,6,282860,6,11001459,9,8,8,29,4
HSP01,1,dejar,9,696519,5,343581,5,12291917,4,10,13,45,0
HSP02,2,dejar,9,696519,5,343581,5,12291917,5,12,13,38,0
HSP03,3,dejar,9,696519,5,343581,5,12291917,8,21,22,40,3
HSP04,4,dejar,9,696519,5,343581,5,12291917,6,15,16,40,0
HSP05,5,dejar,9,696519,5,343581,5,12291917,5,15,12,40,0
HSP06,6,dejar,9,696519,5,343581,5,12291917,8,20,20,49,0
HSP07,7,dejar,9,696519,5,343581,5,12291917,6,11,12,39,7
HSP08,8,dejar,9,696519,5,343581,5,12291917,2,13,11,41,5
HSP09,9,dejar,9,696519,5,343581,5,12291917,5,12,11,30,0
HSP10,10,dejar,9,696519,5,343581,5,12291917,9,16,16,43,4
HSP11,11,dejar,9,696519,5,343581,5,12291917,9,13,13,34,3
HSP12,12,dejar,9,696519,5,343581,5,12291917,8,19,19,42,7
HSP13,13,dejar,9,696519,5,343581,5,12291917,6,19,19,42,0
HSP14,14,dejar,9,696519,5,343581,5,12291917,4,13,16,28,0
HSP15,15,dejar,9,696519,5,343581,5,12291917,3,11,11,37,0
HSP16,16,dejar,9,696519,5,343581,5,12291917,9,18,17,31,3
HSP17,17,dejar,9,696519,5,343581,5,12291917,6,15,15,45,4
HSP18,18,dejar,9,696519,5,343581,5,12291917,6,16,16,44,4
HSP19,19,dejar,9,696519,5,343581,5,12291917,4,16,20,30,0
HSP20,20,dejar,9,696519,5,343581,5,12291917,5,7,6,42,4
HSP21,21,dejar,9,696519,5,343581,5,12291917,6,12,15,42,0
HSP22,22,dejar,9,696519,5,343581,5,12291917,5,5,6,32,4
HSP23,23,dejar,9,696519,5,343581,5,12291917,4,19,20,42,4
HSP24,24,dejar,9,696519,5,343581,5,12291917,5,16,16,48,5
HSP25,25,dejar,9,696519,5,343581,5,12291917,7,15,15,42,3
HSP27,27,dejar,9,696519,5,343581,5,12291917,9,16,14,35,0
HSP28,28,dejar,9,696519,5,343581,5,12291917,5,8,9,39,3
HSP29,29,dejar,9,696519,5,343581,5,12291917,8,14,16,25,2
HSP30,30,dejar,9,696519,5,343581,5,12291917,8,14,16,25,2
HSP31,31,dejar,9,696519,5,343581,5,12291917,9,12,11,41,4
HSP32,32,dejar,9,696519,5,343581,5,12291917,5,13,13,43,3
HSP33,33,dejar,9,696519,5,343581,5,12291917,4,15,15,43,0
HSP34,34,dejar,9,696519,5,343581,5,12291917,6,7,7,42,8
HSP35,35,dejar,9,696519,5,343581,5,12291917,9,17,17,37,0
HSP36,36,dejar,9,696519,5,343581,5,12291917,3,9,11,45,0
HSP41,41,dejar,9,696519,5,343581,5,12291917,4,6,7,39,0
HSP42,42,dejar,9,696519,5,343581,5,12291917,4,13,13,29,3
HSP45,45,dejar,9,696519,5,343581,5,12291917,5,14,14,44,4
HSP46,46,dejar,9,696519,5,343581,5,12291917,5,15,15,35,3
HSP47,47,dejar,9,696519,5,343581,5,12291917,6,14,11,34,0
HSP48,48,dejar,9,696519,5,343581,5,12291917,5,11,11,34,4
HSP49,49,dejar,9,696519,5,343581,5,12291917,8,19,18,49,4
HSP50,50,dejar,9,696519,5,343581,5,12291917,7,12,14,44,4
HSP51,51,dejar,9,696519,5,343581,5,12291917,6,13,13,38,0
HSP52,52,dejar,9,696519,5,343581,5,12291917,6,13,12,43,0
HSP53,53,dejar,9,696519,5,343581,5,12291917,5,21,21,43,5
HSP54,54,dejar,9,696519,5,343581,5,12291917,8,20,20,42,8
HSP55,55,dejar,9,696519,5,343581,5,12291917,9,21,22,43,4
HSP56,56,dejar,9,696519,5,343581,5,12291917,4,12,12,31,0
HSP57,57,dejar,9,696519,5,343581,5,12291917,6,12,15,38,5
HSP58,58,dejar,9,696519,5,343581,5,12291917,4,18,20,35,1
HSP59,59,dejar,9,696519,5,343581,5,12291917,9,16,18,48,0
HSP61,61,dejar,9,696519,5,343581,5,12291917,9,8,8,29,4
HSP01,1,querer,5,1263949,4,421748,4,17719703,6,10,13,45,0
HSP02,2,querer,5,1263949,4,421748,4,17719703,7,12,13,38,0
HSP03,3,querer,5,1263949,4,421748,4,17719703,7,21,22,40,3
HSP04,4,querer,5,1263949,4,421748,4,17719703,8,15,16,40,0
HSP05,5,querer,5,1263949,4,421748,4,17719703,5,15,12,40,0
HSP06,6,querer,5,1263949,4,421748,4,17719703,8,20,20,49,0
HSP07,7,querer,5,1263949,4,421748,4,17719703,9,11,12,39,7
HSP08,8,querer,5,1263949,4,421748,4,17719703,4,13,11,41,5
HSP09,9,querer,5,1263949,4,421748,4,17719703,8,12,11,30,0
HSP10,10,querer,5,1263949,4,421748,4,17719703,9,16,16,43,4
HSP11,11,querer,5,1263949,4,421748,4,17719703,9,13,13,34,3
HSP12,12,querer,5,1263949,4,421748,4,17719703,9,19,19,42,7
HSP13,13,querer,5,1263949,4,421748,4,17719703,6,19,19,42,0
HSP14,14,querer,5,1263949,4,421748,4,17719703,5,13,16,28,0
HSP15,15,querer,5,1263949,4,421748,4,17719703,4,11,11,37,0
HSP16,16,querer,5,1263949,4,421748,4,17719703,9,18,17,31,3
HSP17,17,querer,5,1263949,4,421748,4,17719703,7,15,15,45,4
HSP18,18,querer,5,1263949,4,421748,4,17719703,7,16,16,44,4
HSP19,19,querer,5,1263949,4,421748,4,17719703,4,16,20,30,0
HSP20,20,querer,5,1263949,4,421748,4,17719703,4,7,6,42,4
HSP21,21,querer,5,1263949,4,421748,4,17719703,9,12,15,42,0
HSP22,22,querer,5,1263949,4,421748,4,17719703,5,5,6,32,4
HSP23,23,querer,5,1263949,4,421748,4,17719703,4,19,20,42,4
HSP24,24,querer,5,1263949,4,421748,4,17719703,4,16,16,48,5
HSP25,25,querer,5,1263949,4,421748,4,17719703,8,15,15,42,3
HSP27,27,querer,5,1263949,4,421748,4,17719703,9,16,14,35,0
HSP28,28,querer,5,1263949,4,421748,4,17719703,6,8,9,39,3
HSP29,29,querer,5,1263949,4,421748,4,17719703,8,14,16,25,2
HSP30,30,querer,5,1263949,4,421748,4,17719703,5,14,16,25,2
HSP31,31,querer,5,1263949,4,421748,4,17719703,9,12,11,41,4
HSP32,32,querer,5,1263949,4,421748,4,17719703,5,13,13,43,3
HSP33,33,querer,5,1263949,4,421748,4,17719703,6,15,15,43,0
HSP34,34,querer,5,1263949,4,421748,4,17719703,8,7,7,42,8
HSP35,35,querer,5,1263949,4,421748,4,17719703,9,17,17,37,0
HSP36,36,querer,5,1263949,4,421748,4,17719703,1,9,11,45,0
HSP41,41,querer,5,1263949,4,421748,4,17719703,6,6,7,39,0
HSP42,42,querer,5,1263949,4,421748,4,17719703,4,13,13,29,3
HSP45,45,querer,5,1263949,4,421748,4,17719703,5,14,14,44,4
HSP46,46,querer,5,1263949,4,421748,4,17719703,7,15,15,35,3
HSP47,47,querer,5,1263949,4,421748,4,17719703,7,14,11,34,0
HSP48,48,querer,5,1263949,4,421748,4,17719703,4,11,11,34,4
HSP49,49,querer,5,1263949,4,421748,4,17719703,5,19,18,49,4
HSP50,50,querer,5,1263949,4,421748,4,17719703,7,12,14,44,4
HSP51,51,querer,5,1263949,4,421748,4,17719703,6,13,13,38,0
HSP52,52,querer,5,1263949,4,421748,4,17719703,7,13,12,43,0
HSP53,53,querer,5,1263949,4,421748,4,17719703,9,21,21,43,5
HSP54,54,querer,5,1263949,4,421748,4,17719703,7,20,20,42,8
HSP55,55,querer,5,1263949,4,421748,4,17719703,9,21,22,43,4
HSP56,56,querer,5,1263949,4,421748,4,17719703,4,12,12,31,0
HSP57,57,querer,5,1263949,4,421748,4,17719703,6,12,15,38,5
HSP58,58,querer,5,1263949,4,421748,4,17719703,5,18,20,35,1
HSP59,59,querer,5,1263949,4,421748,4,17719703,9,16,18,48,0
HSP61,61,querer,5,1263949,4,421748,4,17719703,9,8,8,29,4
HSP01,1,estar,1,10180830,1,1624151,3,69904166,8,10,13,45,0
HSP02,2,estar,1,10180830,1,1624151,3,69904166,8,12,13,38,0
HSP03,3,estar,1,10180830,1,1624151,3,69904166,8,21,22,40,3
HSP04,4,estar,1,10180830,1,1624151,3,69904166,6,15,16,40,0
HSP05,5,estar,1,10180830,1,1624151,3,69904166,5,15,12,40,0
HSP06,6,estar,1,10180830,1,1624151,3,69904166,8,20,20,49,0
HSP07,7,estar,1,10180830,1,1624151,3,69904166,7,11,12,39,7
HSP08,8,estar,1,10180830,1,1624151,3,69904166,4,13,11,41,5
HSP09,9,estar,1,10180830,1,1624151,3,69904166,8,12,11,30,0
HSP10,10,estar,1,10180830,1,1624151,3,69904166,9,16,16,43,4
HSP11,11,estar,1,10180830,1,1624151,3,69904166,9,13,13,34,3
HSP12,12,estar,1,10180830,1,1624151,3,69904166,9,19,19,42,7
HSP13,13,estar,1,10180830,1,1624151,3,69904166,7,19,19,42,0
HSP14,14,estar,1,10180830,1,1624151,3,69904166,6,13,16,28,0
HSP15,15,estar,1,10180830,1,1624151,3,69904166,7,11,11,37,0
HSP16,16,estar,1,10180830,1,1624151,3,69904166,9,18,17,31,3
HSP17,17,estar,1,10180830,1,1624151,3,69904166,8,15,15,45,4
HSP18,18,estar,1,10180830,1,1624151,3,69904166,3,16,16,44,4
HSP19,19,estar,1,10180830,1,1624151,3,69904166,6,16,20,30,0
HSP20,20,estar,1,10180830,1,1624151,3,69904166,5,7,6,42,4
HSP21,21,estar,1,10180830,1,1624151,3,69904166,9,12,15,42,0
HSP22,22,estar,1,10180830,1,1624151,3,69904166,6,5,6,32,4
HSP23,23,estar,1,10180830,1,1624151,3,69904166,7,19,20,42,4
HSP24,24,estar,1,10180830,1,1624151,3,69904166,7,16,16,48,5
HSP25,25,estar,1,10180830,1,1624151,3,69904166,8,15,15,42,3
HSP27,27,estar,1,10180830,1,1624151,3,69904166,9,16,14,35,0
HSP28,28,estar,1,10180830,1,1624151,3,69904166,6,8,9,39,3
HSP29,29,estar,1,10180830,1,1624151,3,69904166,8,14,16,25,2
HSP30,30,estar,1,10180830,1,1624151,3,69904166,9,14,16,25,2
HSP31,31,estar,1,10180830,1,1624151,3,69904166,9,12,11,41,4
HSP32,32,estar,1,10180830,1,1624151,3,69904166,4,13,13,43,3
HSP33,33,estar,1,10180830,1,1624151,3,69904166,5,15,15,43,0
HSP34,34,estar,1,10180830,1,1624151,3,69904166,7,7,7,42,8
HSP35,35,estar,1,10180830,1,1624151,3,69904166,9,17,17,37,0
HSP36,36,estar,1,10180830,1,1624151,3,69904166,2,9,11,45,0
HSP41,41,estar,1,10180830,1,1624151,3,69904166,7,6,7,39,0
HSP42,42,estar,1,10180830,1,1624151,3,69904166,4,13,13,29,3
HSP45,45,estar,1,10180830,1,1624151,3,69904166,6,14,14,44,4
HSP46,46,estar,1,10180830,1,1624151,3,69904166,8,15,15,35,3
HSP47,47,estar,1,10180830,1,1624151,3,69904166,9,14,11,34,0
HSP48,48,estar,1,10180830,1,1624151,3,69904166,6,11,11,34,4
HSP49,49,estar,1,10180830,1,1624151,3,69904166,9,19,18,49,4
HSP50,50,estar,1,10180830,1,1624151,3,69904166,7,12,14,44,4
HSP51,51,estar,1,10180830,1,1624151,3,69904166,8,13,13,38,0
HSP52,52,estar,1,10180830,1,1624151,3,69904166,8,13,12,43,0
HSP53,53,estar,1,10180830,1,1624151,3,69904166,9,21,21,43,5
HSP54,54,estar,1,10180830,1,1624151,3,69904166,7,20,20,42,8
HSP55,55,estar,1,10180830,1,1624151,3,69904166,9,21,22,43,4
HSP56,56,estar,1,10180830,1,1624151,3,69904166,7,12,12,31,0
HSP57,57,estar,1,10180830,1,1624151,3,69904166,8,12,15,38,5
HSP58,58,estar,1,10180830,1,1624151,3,69904166,7,18,20,35,1
HSP59,59,estar,1,10180830,1,1624151,3,69904166,9,16,18,48,0
HSP61,61,estar,1,10180830,1,1624151,3,69904166,9,8,8,29,4
HSP01,1,tener,2,8031798,2,1541756,2,78536610,7,10,13,45,0
HSP02,2,tener,2,8031798,2,1541756,2,78536610,7,12,13,38,0
HSP03,3,tener,2,8031798,2,1541756,2,78536610,7,21,22,40,3
HSP04,4,tener,2,8031798,2,1541756,2,78536610,7,15,16,40,0
HSP05,5,tener,2,8031798,2,1541756,2,78536610,6,15,12,40,0
HSP06,6,tener,2,8031798,2,1541756,2,78536610,8,20,20,49,0
HSP07,7,tener,2,8031798,2,1541756,2,78536610,8,11,12,39,7
HSP08,8,tener,2,8031798,2,1541756,2,78536610,2,13,11,41,5
HSP09,9,tener,2,8031798,2,1541756,2,78536610,8,12,11,30,0
HSP10,10,tener,2,8031798,2,1541756,2,78536610,9,16,16,43,4
HSP11,11,tener,2,8031798,2,1541756,2,78536610,9,13,13,34,3
HSP12,12,tener,2,8031798,2,1541756,2,78536610,7,19,19,42,7
HSP13,13,tener,2,8031798,2,1541756,2,78536610,7,19,19,42,0
HSP14,14,tener,2,8031798,2,1541756,2,78536610,6,13,16,28,0
HSP15,15,tener,2,8031798,2,1541756,2,78536610,4,11,11,37,0
HSP16,16,tener,2,8031798,2,1541756,2,78536610,9,18,17,31,3
HSP17,17,tener,2,8031798,2,1541756,2,78536610,7,15,15,45,4
HSP18,18,tener,2,8031798,2,1541756,2,78536610,7,16,16,44,4
HSP19,19,tener,2,8031798,2,1541756,2,78536610,4,16,20,30,0
HSP20,20,tener,2,8031798,2,1541756,2,78536610,5,7,6,42,4
HSP21,21,tener,2,8031798,2,1541756,2,78536610,7,12,15,42,0
HSP22,22,tener,2,8031798,2,1541756,2,78536610,6,5,6,32,4
HSP23,23,tener,2,8031798,2,1541756,2,78536610,6,19,20,42,4
HSP24,24,tener,2,8031798,2,1541756,2,78536610,7,16,16,48,5
HSP25,25,tener,2,8031798,2,1541756,2,78536610,8,15,15,42,3
HSP27,27,tener,2,8031798,2,1541756,2,78536610,9,16,14,35,0
HSP28,28,tener,2,8031798,2,1541756,2,78536610,7,8,9,39,3
HSP29,29,tener,2,8031798,2,1541756,2,78536610,8,14,16,25,2
HSP30,30,tener,2,8031798,2,1541756,2,78536610,6,14,16,25,2
HSP31,31,tener,2,8031798,2,1541756,2,78536610,9,12,11,41,4
HSP32,32,tener,2,8031798,2,1541756,2,78536610,6,13,13,43,3
HSP33,33,tener,2,8031798,2,1541756,2,78536610,7,15,15,43,0
HSP34,34,tener,2,8031798,2,1541756,2,78536610,8,7,7,42,8
HSP35,35,tener,2,8031798,2,1541756,2,78536610,9,17,17,37,0
HSP36,36,tener,2,8031798,2,1541756,2,78536610,3,9,11,45,0
HSP41,41,tener,2,8031798,2,1541756,2,78536610,8,6,7,39,0
HSP42,42,tener,2,8031798,2,1541756,2,78536610,4,13,13,29,3
HSP45,45,tener,2,8031798,2,1541756,2,78536610,5,14,14,44,4
HSP46,46,tener,2,8031798,2,1541756,2,78536610,7,15,15,35,3
HSP47,47,tener,2,8031798,2,1541756,2,78536610,9,14,11,34,0
HSP48,48,tener,2,8031798,2,1541756,2,78536610,5,11,11,34,4
HSP49,49,tener,2,8031798,2,1541756,2,78536610,9,19,18,49,4
HSP50,50,tener,2,8031798,2,1541756,2,78536610,7,12,14,44,4
HSP51,51,tener,2,8031798,2,1541756,2,78536610,8,13,13,38,0
HSP52,52,tener,2,8031798,2,1541756,2,78536610,6,13,12,43,0
HSP53,53,tener,2,8031798,2,1541756,2,78536610,8,21,21,43,5
HSP54,54,tener,2,8031798,2,1541756,2,78536610,8,20,20,42,8
HSP55,55,tener,2,8031798,2,1541756,2,78536610,9,21,22,43,4
HSP56,56,tener,2,8031798,2,1541756,2,78536610,5,12,12,31,0
HSP57,57,tener,2,8031798,2,1541756,2,78536610,7,12,15,38,5
HSP58,58,tener,2,8031798,2,1541756,2,78536610,7,18,20,35,1
HSP59,59,tener,2,8031798,2,1541756,2,78536610,9,16,18,48,0
HSP61,61,tener,2,8031798,2,1541756,2,78536610,9,8,8,29,4
HSP01,1,haber,3,7679109,3,1142464,1,126530030,5,10,13,45,0
HSP02,2,haber,3,7679109,3,1142464,1,126530030,7,12,13,38,0
HSP03,3,haber,3,7679109,3,1142464,1,126530030,7,21,22,40,3
HSP04,4,haber,3,7679109,3,1142464,1,126530030,4,15,16,40,0
HSP05,5,haber,3,7679109,3,1142464,1,126530030,5,15,12,40,0
HSP06,6,haber,3,7679109,3,1142464,1,126530030,9,20,20,49,0
HSP07,7,haber,3,7679109,3,1142464,1,126530030,6,11,12,39,7
HSP08,8,haber,3,7679109,3,1142464,1,126530030,4,13,11,41,5
HSP09,9,haber,3,7679109,3,1142464,1,126530030,7,12,11,30,0
HSP10,10,haber,3,7679109,3,1142464,1,126530030,9,16,16,43,4
HSP11,11,haber,3,7679109,3,1142464,1,126530030,8,13,13,34,3
HSP12,12,haber,3,7679109,3,1142464,1,126530030,9,19,19,42,7
HSP13,13,haber,3,7679109,3,1142464,1,126530030,6,19,19,42,0
HSP14,14,haber,3,7679109,3,1142464,1,126530030,2,13,16,28,0
HSP15,15,haber,3,7679109,3,1142464,1,126530030,3,11,11,37,0
HSP16,16,haber,3,7679109,3,1142464,1,126530030,9,18,17,31,3
HSP17,17,haber,3,7679109,3,1142464,1,126530030,6,15,15,45,4
HSP18,18,haber,3,7679109,3,1142464,1,126530030,7,16,16,44,4
HSP19,19,haber,3,7679109,3,1142464,1,126530030,4,16,20,30,0
HSP20,20,haber,3,7679109,3,1142464,1,126530030,5,7,6,42,4
HSP21,21,haber,3,7679109,3,1142464,1,126530030,9,12,15,42,0
HSP22,22,haber,3,7679109,3,1142464,1,126530030,5,5,6,32,4
HSP23,23,haber,3,7679109,3,1142464,1,126530030,1,19,20,42,4
HSP24,24,haber,3,7679109,3,1142464,1,126530030,5,16,16,48,5
HSP25,25,haber,3,7679109,3,1142464,1,126530030,9,15,15,42,3
HSP27,27,haber,3,7679109,3,1142464,1,126530030,9,16,14,35,0
HSP28,28,haber,3,7679109,3,1142464,1,126530030,6,8,9,39,3
HSP29,29,haber,3,7679109,3,1142464,1,126530030,8,14,16,25,2
HSP30,30,haber,3,7679109,3,1142464,1,126530030,5,14,16,25,2
HSP31,31,haber,3,7679109,3,1142464,1,126530030,9,12,11,41,4
HSP32,32,haber,3,7679109,3,1142464,1,126530030,5,13,13,43,3
HSP33,33,haber,3,7679109,3,1142464,1,126530030,6,15,15,43,0
HSP34,34,haber,3,7679109,3,1142464,1,126530030,8,7,7,42,8
HSP35,35,haber,3,7679109,3,1142464,1,126530030,9,17,17,37,0
HSP36,36,haber,3,7679109,3,1142464,1,126530030,3,9,11,45,0
HSP41,41,haber,3,7679109,3,1142464,1,126530030,7,6,7,39,0
HSP42,42,haber,3,7679109,3,1142464,1,126530030,4,13,13,29,3
HSP45,45,haber,3,7679109,3,1142464,1,126530030,6,14,14,44,4
HSP46,46,haber,3,7679109,3,1142464,1,126530030,8,15,15,35,3
HSP47,47,haber,3,7679109,3,1142464,1,126530030,6,14,11,34,0
HSP48,48,haber,3,7679109,3,1142464,1,126530030,4,11,11,34,4
HSP49,49,haber,3,7679109,3,1142464,1,126530030,5,19,18,49,4
HSP50,50,haber,3,7679109,3,1142464,1,126530030,8,12,14,44,4
HSP51,51,haber,3,7679109,3,1142464,1,126530030,9,13,13,38,0
HSP52,52,haber,3,7679109,3,1142464,1,126530030,7,13,12,43,0
HSP53,53,haber,3,7679109,3,1142464,1,126530030,9,21,21,43,5
HSP54,54,haber,3,7679109,3,1142464,1,126530030,7,20,20,42,8
HSP55,55,haber,3,7679109,3,1142464,1,126530030,9,21,22,43,4
HSP56,56,haber,3,7679109,3,1142464,1,126530030,5,12,12,31,0
HSP57,57,haber,3,7679109,3,1142464,1,126530030,8,12,15,38,5
HSP58,58,haber,3,7679109,3,1142464,1,126530030,2,18,20,35,1
HSP59,59,haber,3,7679109,3,1142464,1,126530030,9,16,18,48,0
HSP61,61,haber,3,7679109,3,1142464,1,126530030,9,8,8,29,4